2024-12-23 14:08:39,977 [Worker-5: Loading available Gradle versions] INFO  o.e.b.c.i.u.g.PublishedGradleVersions - Gradle version information cache is not available. Remote download required.
2024-12-23 14:13:58,047 [Worker-32: Launching mavenrun-581f1a07-5d1a-4101-92b9-1acaff0579e3] INFO  o.eclipse.m2e.core.internal.Bundles - getClasspathEntries(Bundle=org.eclipse.m2e.maven.runtime_3.9.900.20240824-1409 [1500])
2024-12-23 14:13:58,051 [Worker-32: Launching mavenrun-581f1a07-5d1a-4101-92b9-1acaff0579e3] INFO  o.eclipse.m2e.core.internal.Bundles - 	Entry: C:\Users\dac.STUDENTSDC\eclipse-jee-2022-06-R-win32-x86_64 (1)\eclipse\plugins\org.eclipse.m2e.maven.runtime_3.9.900.20240824-1409
2024-12-23 14:13:58,051 [Worker-32: Launching mavenrun-581f1a07-5d1a-4101-92b9-1acaff0579e3] INFO  o.eclipse.m2e.core.internal.Bundles - 	Entry: C:\Users\dac.STUDENTSDC\eclipse-jee-2022-06-R-win32-x86_64 (1)\eclipse\plugins\org.eclipse.m2e.maven.runtime_3.9.900.20240824-1409\jars\aopalliance-1.0.jar
2024-12-23 14:13:58,053 [Worker-32: Launching mavenrun-581f1a07-5d1a-4101-92b9-1acaff0579e3] INFO  o.eclipse.m2e.core.internal.Bundles - 	Entry: C:\Users\dac.STUDENTSDC\eclipse-jee-2022-06-R-win32-x86_64 (1)\eclipse\plugins\org.eclipse.m2e.maven.runtime_3.9.900.20240824-1409\jars\guice-5.1.0.jar
2024-12-23 14:13:58,053 [Worker-32: Launching mavenrun-581f1a07-5d1a-4101-92b9-1acaff0579e3] INFO  o.eclipse.m2e.core.internal.Bundles - 	Entry: C:\Users\dac.STUDENTSDC\eclipse-jee-2022-06-R-win32-x86_64 (1)\eclipse\plugins\org.eclipse.m2e.maven.runtime_3.9.900.20240824-1409\jars\httpclient-4.5.14.jar
2024-12-23 14:13:58,054 [Worker-32: Launching mavenrun-581f1a07-5d1a-4101-92b9-1acaff0579e3] INFO  o.eclipse.m2e.core.internal.Bundles - 	Entry: C:\Users\dac.STUDENTSDC\eclipse-jee-2022-06-R-win32-x86_64 (1)\eclipse\plugins\org.eclipse.m2e.maven.runtime_3.9.900.20240824-1409\jars\httpcore-4.4.16.jar
2024-12-23 14:13:58,054 [Worker-32: Launching mavenrun-581f1a07-5d1a-4101-92b9-1acaff0579e3] INFO  o.eclipse.m2e.core.internal.Bundles - 	Entry: C:\Users\dac.STUDENTSDC\eclipse-jee-2022-06-R-win32-x86_64 (1)\eclipse\plugins\org.eclipse.m2e.maven.runtime_3.9.900.20240824-1409\jars\jansi-2.4.1.jar
2024-12-23 14:13:58,054 [Worker-32: Launching mavenrun-581f1a07-5d1a-4101-92b9-1acaff0579e3] INFO  o.eclipse.m2e.core.internal.Bundles - 	Entry: C:\Users\dac.STUDENTSDC\eclipse-jee-2022-06-R-win32-x86_64 (1)\eclipse\plugins\org.eclipse.m2e.maven.runtime_3.9.900.20240824-1409\jars\jcl-over-slf4j-1.7.36.jar
2024-12-23 14:13:58,054 [Worker-32: Launching mavenrun-581f1a07-5d1a-4101-92b9-1acaff0579e3] INFO  o.eclipse.m2e.core.internal.Bundles - 	Entry: C:\Users\dac.STUDENTSDC\eclipse-jee-2022-06-R-win32-x86_64 (1)\eclipse\plugins\org.eclipse.m2e.maven.runtime_3.9.900.20240824-1409\jars\maven-artifact-3.9.9.jar
2024-12-23 14:13:58,054 [Worker-32: Launching mavenrun-581f1a07-5d1a-4101-92b9-1acaff0579e3] INFO  o.eclipse.m2e.core.internal.Bundles - 	Entry: C:\Users\dac.STUDENTSDC\eclipse-jee-2022-06-R-win32-x86_64 (1)\eclipse\plugins\org.eclipse.m2e.maven.runtime_3.9.900.20240824-1409\jars\maven-builder-support-3.9.9.jar
2024-12-23 14:13:58,054 [Worker-32: Launching mavenrun-581f1a07-5d1a-4101-92b9-1acaff0579e3] INFO  o.eclipse.m2e.core.internal.Bundles - 	Entry: C:\Users\dac.STUDENTSDC\eclipse-jee-2022-06-R-win32-x86_64 (1)\eclipse\plugins\org.eclipse.m2e.maven.runtime_3.9.900.20240824-1409\jars\maven-compat-3.9.9.jar
2024-12-23 14:13:58,054 [Worker-32: Launching mavenrun-581f1a07-5d1a-4101-92b9-1acaff0579e3] INFO  o.eclipse.m2e.core.internal.Bundles - 	Entry: C:\Users\dac.STUDENTSDC\eclipse-jee-2022-06-R-win32-x86_64 (1)\eclipse\plugins\org.eclipse.m2e.maven.runtime_3.9.900.20240824-1409\jars\maven-core-3.9.9.jar
2024-12-23 14:13:58,054 [Worker-32: Launching mavenrun-581f1a07-5d1a-4101-92b9-1acaff0579e3] INFO  o.eclipse.m2e.core.internal.Bundles - 	Entry: C:\Users\dac.STUDENTSDC\eclipse-jee-2022-06-R-win32-x86_64 (1)\eclipse\plugins\org.eclipse.m2e.maven.runtime_3.9.900.20240824-1409\jars\maven-embedder-3.9.9.jar
2024-12-23 14:13:58,055 [Worker-32: Launching mavenrun-581f1a07-5d1a-4101-92b9-1acaff0579e3] INFO  o.eclipse.m2e.core.internal.Bundles - 	Entry: C:\Users\dac.STUDENTSDC\eclipse-jee-2022-06-R-win32-x86_64 (1)\eclipse\plugins\org.eclipse.m2e.maven.runtime_3.9.900.20240824-1409\jars\maven-model-3.9.9.jar
2024-12-23 14:13:58,055 [Worker-32: Launching mavenrun-581f1a07-5d1a-4101-92b9-1acaff0579e3] INFO  o.eclipse.m2e.core.internal.Bundles - 	Entry: C:\Users\dac.STUDENTSDC\eclipse-jee-2022-06-R-win32-x86_64 (1)\eclipse\plugins\org.eclipse.m2e.maven.runtime_3.9.900.20240824-1409\jars\maven-model-builder-3.9.9.jar
2024-12-23 14:13:58,055 [Worker-32: Launching mavenrun-581f1a07-5d1a-4101-92b9-1acaff0579e3] INFO  o.eclipse.m2e.core.internal.Bundles - 	Entry: C:\Users\dac.STUDENTSDC\eclipse-jee-2022-06-R-win32-x86_64 (1)\eclipse\plugins\org.eclipse.m2e.maven.runtime_3.9.900.20240824-1409\jars\maven-plugin-api-3.9.9.jar
2024-12-23 14:13:58,055 [Worker-32: Launching mavenrun-581f1a07-5d1a-4101-92b9-1acaff0579e3] INFO  o.eclipse.m2e.core.internal.Bundles - 	Entry: C:\Users\dac.STUDENTSDC\eclipse-jee-2022-06-R-win32-x86_64 (1)\eclipse\plugins\org.eclipse.m2e.maven.runtime_3.9.900.20240824-1409\jars\maven-repository-metadata-3.9.9.jar
2024-12-23 14:13:58,055 [Worker-32: Launching mavenrun-581f1a07-5d1a-4101-92b9-1acaff0579e3] INFO  o.eclipse.m2e.core.internal.Bundles - 	Entry: C:\Users\dac.STUDENTSDC\eclipse-jee-2022-06-R-win32-x86_64 (1)\eclipse\plugins\org.eclipse.m2e.maven.runtime_3.9.900.20240824-1409\jars\maven-resolver-api-1.9.22.jar
2024-12-23 14:13:58,055 [Worker-32: Launching mavenrun-581f1a07-5d1a-4101-92b9-1acaff0579e3] INFO  o.eclipse.m2e.core.internal.Bundles - 	Entry: C:\Users\dac.STUDENTSDC\eclipse-jee-2022-06-R-win32-x86_64 (1)\eclipse\plugins\org.eclipse.m2e.maven.runtime_3.9.900.20240824-1409\jars\maven-resolver-connector-basic-1.9.22.jar
2024-12-23 14:13:58,055 [Worker-32: Launching mavenrun-581f1a07-5d1a-4101-92b9-1acaff0579e3] INFO  o.eclipse.m2e.core.internal.Bundles - 	Entry: C:\Users\dac.STUDENTSDC\eclipse-jee-2022-06-R-win32-x86_64 (1)\eclipse\plugins\org.eclipse.m2e.maven.runtime_3.9.900.20240824-1409\jars\maven-resolver-impl-1.9.22.jar
2024-12-23 14:13:58,056 [Worker-32: Launching mavenrun-581f1a07-5d1a-4101-92b9-1acaff0579e3] INFO  o.eclipse.m2e.core.internal.Bundles - 	Entry: C:\Users\dac.STUDENTSDC\eclipse-jee-2022-06-R-win32-x86_64 (1)\eclipse\plugins\org.eclipse.m2e.maven.runtime_3.9.900.20240824-1409\jars\maven-resolver-named-locks-1.9.22.jar
2024-12-23 14:13:58,056 [Worker-32: Launching mavenrun-581f1a07-5d1a-4101-92b9-1acaff0579e3] INFO  o.eclipse.m2e.core.internal.Bundles - 	Entry: C:\Users\dac.STUDENTSDC\eclipse-jee-2022-06-R-win32-x86_64 (1)\eclipse\plugins\org.eclipse.m2e.maven.runtime_3.9.900.20240824-1409\jars\maven-resolver-provider-3.9.9.jar
2024-12-23 14:13:58,056 [Worker-32: Launching mavenrun-581f1a07-5d1a-4101-92b9-1acaff0579e3] INFO  o.eclipse.m2e.core.internal.Bundles - 	Entry: C:\Users\dac.STUDENTSDC\eclipse-jee-2022-06-R-win32-x86_64 (1)\eclipse\plugins\org.eclipse.m2e.maven.runtime_3.9.900.20240824-1409\jars\maven-resolver-spi-1.9.22.jar
2024-12-23 14:13:58,056 [Worker-32: Launching mavenrun-581f1a07-5d1a-4101-92b9-1acaff0579e3] INFO  o.eclipse.m2e.core.internal.Bundles - 	Entry: C:\Users\dac.STUDENTSDC\eclipse-jee-2022-06-R-win32-x86_64 (1)\eclipse\plugins\org.eclipse.m2e.maven.runtime_3.9.900.20240824-1409\jars\maven-resolver-transport-file-1.9.22.jar
2024-12-23 14:13:58,056 [Worker-32: Launching mavenrun-581f1a07-5d1a-4101-92b9-1acaff0579e3] INFO  o.eclipse.m2e.core.internal.Bundles - 	Entry: C:\Users\dac.STUDENTSDC\eclipse-jee-2022-06-R-win32-x86_64 (1)\eclipse\plugins\org.eclipse.m2e.maven.runtime_3.9.900.20240824-1409\jars\maven-resolver-transport-http-1.9.22.jar
2024-12-23 14:13:58,056 [Worker-32: Launching mavenrun-581f1a07-5d1a-4101-92b9-1acaff0579e3] INFO  o.eclipse.m2e.core.internal.Bundles - 	Entry: C:\Users\dac.STUDENTSDC\eclipse-jee-2022-06-R-win32-x86_64 (1)\eclipse\plugins\org.eclipse.m2e.maven.runtime_3.9.900.20240824-1409\jars\maven-resolver-transport-wagon-1.9.22.jar
2024-12-23 14:13:58,056 [Worker-32: Launching mavenrun-581f1a07-5d1a-4101-92b9-1acaff0579e3] INFO  o.eclipse.m2e.core.internal.Bundles - 	Entry: C:\Users\dac.STUDENTSDC\eclipse-jee-2022-06-R-win32-x86_64 (1)\eclipse\plugins\org.eclipse.m2e.maven.runtime_3.9.900.20240824-1409\jars\maven-resolver-util-1.9.22.jar
2024-12-23 14:13:58,056 [Worker-32: Launching mavenrun-581f1a07-5d1a-4101-92b9-1acaff0579e3] INFO  o.eclipse.m2e.core.internal.Bundles - 	Entry: C:\Users\dac.STUDENTSDC\eclipse-jee-2022-06-R-win32-x86_64 (1)\eclipse\plugins\org.eclipse.m2e.maven.runtime_3.9.900.20240824-1409\jars\maven-settings-3.9.9.jar
2024-12-23 14:13:58,057 [Worker-32: Launching mavenrun-581f1a07-5d1a-4101-92b9-1acaff0579e3] INFO  o.eclipse.m2e.core.internal.Bundles - 	Entry: C:\Users\dac.STUDENTSDC\eclipse-jee-2022-06-R-win32-x86_64 (1)\eclipse\plugins\org.eclipse.m2e.maven.runtime_3.9.900.20240824-1409\jars\maven-settings-builder-3.9.9.jar
2024-12-23 14:13:58,057 [Worker-32: Launching mavenrun-581f1a07-5d1a-4101-92b9-1acaff0579e3] INFO  o.eclipse.m2e.core.internal.Bundles - 	Entry: C:\Users\dac.STUDENTSDC\eclipse-jee-2022-06-R-win32-x86_64 (1)\eclipse\plugins\org.eclipse.m2e.maven.runtime_3.9.900.20240824-1409\jars\maven-shared-utils-3.4.2.jar
2024-12-23 14:13:58,057 [Worker-32: Launching mavenrun-581f1a07-5d1a-4101-92b9-1acaff0579e3] INFO  o.eclipse.m2e.core.internal.Bundles - 	Entry: C:\Users\dac.STUDENTSDC\eclipse-jee-2022-06-R-win32-x86_64 (1)\eclipse\plugins\org.eclipse.m2e.maven.runtime_3.9.900.20240824-1409\jars\org.eclipse.sisu.inject-0.9.0.M3.jar
2024-12-23 14:13:58,057 [Worker-32: Launching mavenrun-581f1a07-5d1a-4101-92b9-1acaff0579e3] INFO  o.eclipse.m2e.core.internal.Bundles - 	Entry: C:\Users\dac.STUDENTSDC\eclipse-jee-2022-06-R-win32-x86_64 (1)\eclipse\plugins\org.eclipse.m2e.maven.runtime_3.9.900.20240824-1409\jars\org.eclipse.sisu.plexus-0.9.0.M3.jar
2024-12-23 14:13:58,057 [Worker-32: Launching mavenrun-581f1a07-5d1a-4101-92b9-1acaff0579e3] INFO  o.eclipse.m2e.core.internal.Bundles - 	Entry: C:\Users\dac.STUDENTSDC\eclipse-jee-2022-06-R-win32-x86_64 (1)\eclipse\plugins\org.eclipse.m2e.maven.runtime_3.9.900.20240824-1409\jars\plexus-build-api-0.0.7.jar
2024-12-23 14:13:58,057 [Worker-32: Launching mavenrun-581f1a07-5d1a-4101-92b9-1acaff0579e3] INFO  o.eclipse.m2e.core.internal.Bundles - 	Entry: C:\Users\dac.STUDENTSDC\eclipse-jee-2022-06-R-win32-x86_64 (1)\eclipse\plugins\org.eclipse.m2e.maven.runtime_3.9.900.20240824-1409\jars\plexus-build-api-1.2.0.jar
2024-12-23 14:13:58,057 [Worker-32: Launching mavenrun-581f1a07-5d1a-4101-92b9-1acaff0579e3] INFO  o.eclipse.m2e.core.internal.Bundles - 	Entry: C:\Users\dac.STUDENTSDC\eclipse-jee-2022-06-R-win32-x86_64 (1)\eclipse\plugins\org.eclipse.m2e.maven.runtime_3.9.900.20240824-1409\jars\plexus-cipher-2.0.jar
2024-12-23 14:13:58,058 [Worker-32: Launching mavenrun-581f1a07-5d1a-4101-92b9-1acaff0579e3] INFO  o.eclipse.m2e.core.internal.Bundles - 	Entry: C:\Users\dac.STUDENTSDC\eclipse-jee-2022-06-R-win32-x86_64 (1)\eclipse\plugins\org.eclipse.m2e.maven.runtime_3.9.900.20240824-1409\jars\plexus-classworlds-2.8.0.jar
2024-12-23 14:13:58,058 [Worker-32: Launching mavenrun-581f1a07-5d1a-4101-92b9-1acaff0579e3] INFO  o.eclipse.m2e.core.internal.Bundles - 	Entry: C:\Users\dac.STUDENTSDC\eclipse-jee-2022-06-R-win32-x86_64 (1)\eclipse\plugins\org.eclipse.m2e.maven.runtime_3.9.900.20240824-1409\jars\plexus-component-annotations-2.1.0.jar
2024-12-23 14:13:58,058 [Worker-32: Launching mavenrun-581f1a07-5d1a-4101-92b9-1acaff0579e3] INFO  o.eclipse.m2e.core.internal.Bundles - 	Entry: C:\Users\dac.STUDENTSDC\eclipse-jee-2022-06-R-win32-x86_64 (1)\eclipse\plugins\org.eclipse.m2e.maven.runtime_3.9.900.20240824-1409\jars\plexus-interpolation-1.27.jar
2024-12-23 14:13:58,058 [Worker-32: Launching mavenrun-581f1a07-5d1a-4101-92b9-1acaff0579e3] INFO  o.eclipse.m2e.core.internal.Bundles - 	Entry: C:\Users\dac.STUDENTSDC\eclipse-jee-2022-06-R-win32-x86_64 (1)\eclipse\plugins\org.eclipse.m2e.maven.runtime_3.9.900.20240824-1409\jars\plexus-sec-dispatcher-2.0.jar
2024-12-23 14:13:58,058 [Worker-32: Launching mavenrun-581f1a07-5d1a-4101-92b9-1acaff0579e3] INFO  o.eclipse.m2e.core.internal.Bundles - 	Entry: C:\Users\dac.STUDENTSDC\eclipse-jee-2022-06-R-win32-x86_64 (1)\eclipse\plugins\org.eclipse.m2e.maven.runtime_3.9.900.20240824-1409\jars\plexus-utils-3.5.1.jar
2024-12-23 14:13:58,058 [Worker-32: Launching mavenrun-581f1a07-5d1a-4101-92b9-1acaff0579e3] INFO  o.eclipse.m2e.core.internal.Bundles - 	Entry: C:\Users\dac.STUDENTSDC\eclipse-jee-2022-06-R-win32-x86_64 (1)\eclipse\plugins\org.eclipse.m2e.maven.runtime_3.9.900.20240824-1409\jars\plexus-xml-3.0.1.jar
2024-12-23 14:13:58,058 [Worker-32: Launching mavenrun-581f1a07-5d1a-4101-92b9-1acaff0579e3] INFO  o.eclipse.m2e.core.internal.Bundles - 	Entry: C:\Users\dac.STUDENTSDC\eclipse-jee-2022-06-R-win32-x86_64 (1)\eclipse\plugins\org.eclipse.m2e.maven.runtime_3.9.900.20240824-1409\jars\wagon-file-3.5.3.jar
2024-12-23 14:13:58,059 [Worker-32: Launching mavenrun-581f1a07-5d1a-4101-92b9-1acaff0579e3] INFO  o.eclipse.m2e.core.internal.Bundles - 	Entry: C:\Users\dac.STUDENTSDC\eclipse-jee-2022-06-R-win32-x86_64 (1)\eclipse\plugins\org.eclipse.m2e.maven.runtime_3.9.900.20240824-1409\jars\wagon-http-3.5.3.jar
2024-12-23 14:13:58,059 [Worker-32: Launching mavenrun-581f1a07-5d1a-4101-92b9-1acaff0579e3] INFO  o.eclipse.m2e.core.internal.Bundles - 	Entry: C:\Users\dac.STUDENTSDC\eclipse-jee-2022-06-R-win32-x86_64 (1)\eclipse\plugins\org.eclipse.m2e.maven.runtime_3.9.900.20240824-1409\jars\wagon-http-shared-3.5.3.jar
2024-12-23 14:13:58,059 [Worker-32: Launching mavenrun-581f1a07-5d1a-4101-92b9-1acaff0579e3] INFO  o.eclipse.m2e.core.internal.Bundles - 	Entry: C:\Users\dac.STUDENTSDC\eclipse-jee-2022-06-R-win32-x86_64 (1)\eclipse\plugins\org.eclipse.m2e.maven.runtime_3.9.900.20240824-1409\jars\wagon-provider-api-3.5.3.jar
2024-12-23 14:13:58,061 [Worker-32: Launching mavenrun-581f1a07-5d1a-4101-92b9-1acaff0579e3] INFO  o.eclipse.m2e.core.internal.Bundles - getClasspathEntries(Bundle=com.google.guava_33.3.1.jre [990])
2024-12-23 14:13:58,061 [Worker-32: Launching mavenrun-581f1a07-5d1a-4101-92b9-1acaff0579e3] INFO  o.eclipse.m2e.core.internal.Bundles - 	Entry: C:\Users\dac.STUDENTSDC\eclipse-jee-2022-06-R-win32-x86_64 (1)\eclipse\plugins\com.google.guava_33.3.1.jre.jar
2024-12-23 14:13:58,061 [Worker-32: Launching mavenrun-581f1a07-5d1a-4101-92b9-1acaff0579e3] INFO  o.eclipse.m2e.core.internal.Bundles - getClasspathEntries(Bundle=slf4j.api_2.0.16 [1745])
2024-12-23 14:13:58,061 [Worker-32: Launching mavenrun-581f1a07-5d1a-4101-92b9-1acaff0579e3] INFO  o.eclipse.m2e.core.internal.Bundles - 	Entry: C:\Users\dac.STUDENTSDC\eclipse-jee-2022-06-R-win32-x86_64 (1)\eclipse\plugins\slf4j.api_2.0.16.jar
2024-12-23 14:13:58,061 [Worker-32: Launching mavenrun-581f1a07-5d1a-4101-92b9-1acaff0579e3] INFO  o.eclipse.m2e.core.internal.Bundles - getClasspathEntries(Bundle=javax.inject_1.0.0.v20220405-0441 [30])
2024-12-23 14:13:58,062 [Worker-32: Launching mavenrun-581f1a07-5d1a-4101-92b9-1acaff0579e3] INFO  o.eclipse.m2e.core.internal.Bundles - 	Entry: C:\Users\dac.STUDENTSDC\eclipse-jee-2022-06-R-win32-x86_64 (1)\eclipse\plugins\javax.inject_1.0.0.v20220405-0441.jar
2024-12-23 14:13:58,062 [Worker-32: Launching mavenrun-581f1a07-5d1a-4101-92b9-1acaff0579e3] INFO  o.eclipse.m2e.core.internal.Bundles - getClasspathEntries(Bundle=javax.annotation_1.3.5.v20230504-0748 [1003])
2024-12-23 14:13:58,062 [Worker-32: Launching mavenrun-581f1a07-5d1a-4101-92b9-1acaff0579e3] INFO  o.eclipse.m2e.core.internal.Bundles - 	Entry: C:\Users\dac.STUDENTSDC\eclipse-jee-2022-06-R-win32-x86_64 (1)\eclipse\plugins\javax.annotation_1.3.5.v20230504-0748.jar
2024-12-23 14:13:58,062 [Worker-32: Launching mavenrun-581f1a07-5d1a-4101-92b9-1acaff0579e3] INFO  o.eclipse.m2e.core.internal.Bundles - getClasspathEntries(Bundle=org.apache.commons.cli_1.9.0 [1026])
2024-12-23 14:13:58,063 [Worker-32: Launching mavenrun-581f1a07-5d1a-4101-92b9-1acaff0579e3] INFO  o.eclipse.m2e.core.internal.Bundles - 	Entry: C:\Users\dac.STUDENTSDC\eclipse-jee-2022-06-R-win32-x86_64 (1)\eclipse\plugins\org.apache.commons.cli_1.9.0.jar
2024-12-23 14:13:58,063 [Worker-32: Launching mavenrun-581f1a07-5d1a-4101-92b9-1acaff0579e3] INFO  o.eclipse.m2e.core.internal.Bundles - getClasspathEntries(Bundle=org.apache.commons.commons-codec_1.16.0 [906])
2024-12-23 14:13:58,063 [Worker-32: Launching mavenrun-581f1a07-5d1a-4101-92b9-1acaff0579e3] INFO  o.eclipse.m2e.core.internal.Bundles - 	Entry: C:\Users\dac.STUDENTSDC\eclipse-jee-2022-06-R-win32-x86_64 (1)\eclipse\plugins\org.apache.commons.commons-codec_1.16.0.jar
2024-12-23 14:13:58,063 [Worker-32: Launching mavenrun-581f1a07-5d1a-4101-92b9-1acaff0579e3] INFO  o.eclipse.m2e.core.internal.Bundles - getClasspathEntries(Bundle=com.google.guava.failureaccess_1.0.2 [991])
2024-12-23 14:13:58,063 [Worker-32: Launching mavenrun-581f1a07-5d1a-4101-92b9-1acaff0579e3] INFO  o.eclipse.m2e.core.internal.Bundles - 	Entry: C:\Users\dac.STUDENTSDC\eclipse-jee-2022-06-R-win32-x86_64 (1)\eclipse\plugins\com.google.guava.failureaccess_1.0.2.jar
2024-12-23 14:13:58,067 [Worker-32: Launching mavenrun-581f1a07-5d1a-4101-92b9-1acaff0579e3] INFO  o.e.m.i.launch.MavenLaunchDelegate - Run build in "C:\Users\DAC~1.STU\AppData\Local\Temp\m2e-archetypeGenerator15227445869431497789":
2024-12-23 14:13:58,072 [Worker-32: Launching mavenrun-581f1a07-5d1a-4101-92b9-1acaff0579e3] INFO  o.e.m.i.launch.MavenLaunchDelegate -  mvn  -DarchetypeGroupId=org.apache.maven.archetypes -DarchetypeArtifactId=maven-archetype-webapp -DarchetypeVersion=1.0 -DgroupId=fi -DartifactId=springmvc -Dversion=0.0.1-SNAPSHOT -Dpackage=fi.springmvc -DoutputDirectory=C:\Users\dac.STUDENTSDC\Desktop\Tejas\J2EE\Spring -B -Dstyle.color=always -U archetype:generate
2024-12-23 14:14:09,623 [Worker-31: Creating maven-archetype-webapp] INFO  o.e.m.c.i.p.ProjectConfigurationManager - Collecting project info '/pom.xml' C:\Users\dac.STUDENTSDC\Desktop\Tejas\J2EE\Spring\springmvc\pom.xml
2024-12-23 14:14:10,341 [Worker-31: Creating maven-archetype-webapp] INFO  o.e.m.c.i.l.LifecycleMappingFactory - Using org.maven.ide.eclipse.wtp.WarLifecycleMapping lifecycle mapping for MavenProject: fi:springmvc:0.0.1-SNAPSHOT @ C:\Users\dac.STUDENTSDC\Desktop\Tejas\J2EE\Spring\springmvc\pom.xml.
2024-12-23 14:14:11,276 [Worker-31: Creating maven-archetype-webapp] INFO  o.e.m.j.i.AbstractJavaProjectConfigurator - Adding source folder /springmvc/src/main/java
2024-12-23 14:14:11,280 [Worker-31: Creating maven-archetype-webapp] INFO  o.e.m.j.i.AbstractJavaProjectConfigurator - Adding resource folder /springmvc/src/main/resources
2024-12-23 14:14:11,281 [Worker-31: Creating maven-archetype-webapp] INFO  o.e.m.j.i.AbstractJavaProjectConfigurator - Adding source folder /springmvc/src/test/java
2024-12-23 14:14:11,283 [Worker-31: Creating maven-archetype-webapp] INFO  o.e.m.j.i.AbstractJavaProjectConfigurator - Adding resource folder /springmvc/src/test/resources
2024-12-23 14:14:12,882 [Worker-31: Creating maven-archetype-webapp] INFO  o.e.m.c.i.p.ProjectConfigurationManager - Imported and configured 1 project(s) in 3 sec
2024-12-23 14:14:13,458 [Worker-33: Building] WARN  o.a.m.s.f.DefaultMavenResourcesFiltering - Using platform encoding (UTF-8 actually) to copy filtered resources, i.e. build is platform dependent!
2024-12-23 14:14:13,474 [Worker-33: Building] INFO  o.a.m.s.f.DefaultMavenResourcesFiltering - Copying 0 resource from src\main\resources to target\classes
2024-12-23 14:14:13,478 [Worker-33: Building] WARN  o.a.m.s.f.DefaultMavenResourcesFiltering - Using platform encoding (UTF-8 actually) to copy filtered resources, i.e. build is platform dependent!
2024-12-23 14:14:13,479 [Worker-33: Building] INFO  o.a.m.s.f.DefaultMavenResourcesFiltering - skip non existing resourceDirectory C:\Users\dac.STUDENTSDC\Desktop\Tejas\J2EE\Spring\springmvc\src\test\resources
2024-12-23 14:15:06,421 [Worker-34: Building] WARN  o.a.m.s.f.DefaultMavenResourcesFiltering - Using platform encoding (UTF-8 actually) to copy filtered resources, i.e. build is platform dependent!
2024-12-23 14:15:06,430 [Worker-34: Building] INFO  o.a.m.s.f.DefaultMavenResourcesFiltering - Copying 0 resource from src\main\resources to target\classes
2024-12-23 14:15:06,434 [Worker-34: Building] WARN  o.a.m.s.f.DefaultMavenResourcesFiltering - Using platform encoding (UTF-8 actually) to copy filtered resources, i.e. build is platform dependent!
2024-12-23 14:15:06,439 [Worker-34: Building] INFO  o.a.m.s.f.DefaultMavenResourcesFiltering - skip non existing resourceDirectory C:\Users\dac.STUDENTSDC\Desktop\Tejas\J2EE\Spring\springmvc\src\test\resources
2024-12-23 14:15:50,869 [Worker-31: Building] WARN  o.a.m.s.f.DefaultMavenResourcesFiltering - Using platform encoding (UTF-8 actually) to copy filtered resources, i.e. build is platform dependent!
2024-12-23 14:15:50,877 [Worker-31: Building] INFO  o.a.m.s.f.DefaultMavenResourcesFiltering - Copying 0 resource from src\main\resources to target\classes
2024-12-23 14:15:50,893 [Worker-31: Building] WARN  o.a.m.s.f.DefaultMavenResourcesFiltering - Using platform encoding (UTF-8 actually) to copy filtered resources, i.e. build is platform dependent!
2024-12-23 14:15:50,896 [Worker-31: Building] INFO  o.a.m.s.f.DefaultMavenResourcesFiltering - skip non existing resourceDirectory C:\Users\dac.STUDENTSDC\Desktop\Tejas\J2EE\Spring\springmvc\src\test\resources
2024-12-23 14:15:53,940 [Worker-33: Building] WARN  o.a.m.s.f.DefaultMavenResourcesFiltering - Using platform encoding (UTF-8 actually) to copy filtered resources, i.e. build is platform dependent!
2024-12-23 14:15:53,947 [Worker-33: Building] INFO  o.a.m.s.f.DefaultMavenResourcesFiltering - Copying 0 resource from src\main\resources to target\classes
2024-12-23 14:15:53,961 [Worker-33: Building] WARN  o.a.m.s.f.DefaultMavenResourcesFiltering - Using platform encoding (UTF-8 actually) to copy filtered resources, i.e. build is platform dependent!
2024-12-23 14:15:53,964 [Worker-33: Building] INFO  o.a.m.s.f.DefaultMavenResourcesFiltering - skip non existing resourceDirectory C:\Users\dac.STUDENTSDC\Desktop\Tejas\J2EE\Spring\springmvc\src\test\resources
2024-12-23 14:21:57,345 [Worker-35: Building] WARN  o.a.m.s.f.DefaultMavenResourcesFiltering - Using platform encoding (UTF-8 actually) to copy filtered resources, i.e. build is platform dependent!
2024-12-23 14:21:57,351 [Worker-35: Building] INFO  o.a.m.s.f.DefaultMavenResourcesFiltering - Copying 1 resource from src\main\resources to target\classes
2024-12-23 14:21:57,370 [Worker-35: Building] WARN  o.a.m.s.f.DefaultMavenResourcesFiltering - Using platform encoding (UTF-8 actually) to copy filtered resources, i.e. build is platform dependent!
2024-12-23 14:21:57,372 [Worker-35: Building] INFO  o.a.m.s.f.DefaultMavenResourcesFiltering - skip non existing resourceDirectory C:\Users\dac.STUDENTSDC\Desktop\Tejas\J2EE\Spring\springmvc\src\test\resources
2024-12-23 14:22:31,763 [Worker-37: Building] WARN  o.a.m.s.f.DefaultMavenResourcesFiltering - Using platform encoding (UTF-8 actually) to copy filtered resources, i.e. build is platform dependent!
2024-12-23 14:22:31,765 [Worker-37: Building] INFO  o.a.m.s.f.DefaultMavenResourcesFiltering - Copying 1 resource from src\main\resources to target\classes
2024-12-23 14:22:31,772 [Worker-37: Building] WARN  o.a.m.s.f.DefaultMavenResourcesFiltering - Using platform encoding (UTF-8 actually) to copy filtered resources, i.e. build is platform dependent!
2024-12-23 14:22:31,774 [Worker-37: Building] INFO  o.a.m.s.f.DefaultMavenResourcesFiltering - skip non existing resourceDirectory C:\Users\dac.STUDENTSDC\Desktop\Tejas\J2EE\Spring\springmvc\src\test\resources
2024-12-23 14:22:42,549 [Worker-35: Building] WARN  o.a.m.s.f.DefaultMavenResourcesFiltering - Using platform encoding (UTF-8 actually) to copy filtered resources, i.e. build is platform dependent!
2024-12-23 14:22:42,551 [Worker-35: Building] INFO  o.a.m.s.f.DefaultMavenResourcesFiltering - Copying 1 resource from src\main\resources to target\classes
2024-12-23 14:22:42,567 [Worker-35: Building] WARN  o.a.m.s.f.DefaultMavenResourcesFiltering - Using platform encoding (UTF-8 actually) to copy filtered resources, i.e. build is platform dependent!
2024-12-23 14:22:42,569 [Worker-35: Building] INFO  o.a.m.s.f.DefaultMavenResourcesFiltering - skip non existing resourceDirectory C:\Users\dac.STUDENTSDC\Desktop\Tejas\J2EE\Spring\springmvc\src\test\resources
2024-12-23 14:23:23,779 [Worker-36: Building] WARN  o.a.m.s.f.DefaultMavenResourcesFiltering - Using platform encoding (UTF-8 actually) to copy filtered resources, i.e. build is platform dependent!
2024-12-23 14:23:23,782 [Worker-36: Building] INFO  o.a.m.s.f.DefaultMavenResourcesFiltering - Copying 0 resource from src\main\resources to target\classes
2024-12-23 14:23:23,785 [Worker-36: Building] WARN  o.a.m.s.f.DefaultMavenResourcesFiltering - Using platform encoding (UTF-8 actually) to copy filtered resources, i.e. build is platform dependent!
2024-12-23 14:23:23,787 [Worker-36: Building] INFO  o.a.m.s.f.DefaultMavenResourcesFiltering - skip non existing resourceDirectory C:\Users\dac.STUDENTSDC\Desktop\Tejas\J2EE\Spring\springmvc\src\test\resources
2024-12-23 14:23:34,549 [Worker-34: Building] WARN  o.a.m.s.f.DefaultMavenResourcesFiltering - Using platform encoding (UTF-8 actually) to copy filtered resources, i.e. build is platform dependent!
2024-12-23 14:23:34,552 [Worker-34: Building] INFO  o.a.m.s.f.DefaultMavenResourcesFiltering - Copying 0 resource from src\main\resources to target\classes
2024-12-23 14:23:34,557 [Worker-34: Building] WARN  o.a.m.s.f.DefaultMavenResourcesFiltering - Using platform encoding (UTF-8 actually) to copy filtered resources, i.e. build is platform dependent!
2024-12-23 14:23:34,559 [Worker-34: Building] INFO  o.a.m.s.f.DefaultMavenResourcesFiltering - skip non existing resourceDirectory C:\Users\dac.STUDENTSDC\Desktop\Tejas\J2EE\Spring\springmvc\src\test\resources
2024-12-23 14:23:47,632 [Worker-35: Building] WARN  o.a.m.s.f.DefaultMavenResourcesFiltering - Using platform encoding (UTF-8 actually) to copy filtered resources, i.e. build is platform dependent!
2024-12-23 14:23:47,636 [Worker-35: Building] INFO  o.a.m.s.f.DefaultMavenResourcesFiltering - Copying 0 resource from src\main\resources to target\classes
2024-12-23 14:23:47,649 [Worker-35: Building] WARN  o.a.m.s.f.DefaultMavenResourcesFiltering - Using platform encoding (UTF-8 actually) to copy filtered resources, i.e. build is platform dependent!
2024-12-23 14:23:47,653 [Worker-35: Building] INFO  o.a.m.s.f.DefaultMavenResourcesFiltering - skip non existing resourceDirectory C:\Users\dac.STUDENTSDC\Desktop\Tejas\J2EE\Spring\springmvc\src\test\resources
2024-12-23 14:23:55,718 [Worker-34: Building] WARN  o.a.m.s.f.DefaultMavenResourcesFiltering - Using platform encoding (UTF-8 actually) to copy filtered resources, i.e. build is platform dependent!
2024-12-23 14:23:55,722 [Worker-34: Building] INFO  o.a.m.s.f.DefaultMavenResourcesFiltering - Copying 0 resource from src\main\resources to target\classes
2024-12-23 14:23:55,729 [Worker-34: Building] WARN  o.a.m.s.f.DefaultMavenResourcesFiltering - Using platform encoding (UTF-8 actually) to copy filtered resources, i.e. build is platform dependent!
2024-12-23 14:23:55,733 [Worker-34: Building] INFO  o.a.m.s.f.DefaultMavenResourcesFiltering - skip non existing resourceDirectory C:\Users\dac.STUDENTSDC\Desktop\Tejas\J2EE\Spring\springmvc\src\test\resources
2024-12-23 14:24:04,812 [Worker-31: Building] WARN  o.a.m.s.f.DefaultMavenResourcesFiltering - Using platform encoding (UTF-8 actually) to copy filtered resources, i.e. build is platform dependent!
2024-12-23 14:24:04,814 [Worker-31: Building] INFO  o.a.m.s.f.DefaultMavenResourcesFiltering - Copying 0 resource from src\main\resources to target\classes
2024-12-23 14:24:04,817 [Worker-31: Building] WARN  o.a.m.s.f.DefaultMavenResourcesFiltering - Using platform encoding (UTF-8 actually) to copy filtered resources, i.e. build is platform dependent!
2024-12-23 14:24:04,819 [Worker-31: Building] INFO  o.a.m.s.f.DefaultMavenResourcesFiltering - skip non existing resourceDirectory C:\Users\dac.STUDENTSDC\Desktop\Tejas\J2EE\Spring\springmvc\src\test\resources
2024-12-23 14:24:13,330 [Worker-35: Building] WARN  o.a.m.s.f.DefaultMavenResourcesFiltering - Using platform encoding (UTF-8 actually) to copy filtered resources, i.e. build is platform dependent!
2024-12-23 14:24:13,332 [Worker-35: Building] INFO  o.a.m.s.f.DefaultMavenResourcesFiltering - Copying 0 resource from src\main\resources to target\classes
2024-12-23 14:24:13,342 [Worker-35: Building] WARN  o.a.m.s.f.DefaultMavenResourcesFiltering - Using platform encoding (UTF-8 actually) to copy filtered resources, i.e. build is platform dependent!
2024-12-23 14:24:13,346 [Worker-35: Building] INFO  o.a.m.s.f.DefaultMavenResourcesFiltering - skip non existing resourceDirectory C:\Users\dac.STUDENTSDC\Desktop\Tejas\J2EE\Spring\springmvc\src\test\resources
2024-12-23 14:24:23,930 [Worker-31: Building] WARN  o.a.m.s.f.DefaultMavenResourcesFiltering - Using platform encoding (UTF-8 actually) to copy filtered resources, i.e. build is platform dependent!
2024-12-23 14:24:23,932 [Worker-31: Building] INFO  o.a.m.s.f.DefaultMavenResourcesFiltering - Copying 0 resource from src\main\resources to target\classes
2024-12-23 14:24:23,938 [Worker-31: Building] WARN  o.a.m.s.f.DefaultMavenResourcesFiltering - Using platform encoding (UTF-8 actually) to copy filtered resources, i.e. build is platform dependent!
2024-12-23 14:24:23,940 [Worker-31: Building] INFO  o.a.m.s.f.DefaultMavenResourcesFiltering - skip non existing resourceDirectory C:\Users\dac.STUDENTSDC\Desktop\Tejas\J2EE\Spring\springmvc\src\test\resources
2024-12-23 14:24:29,706 [Worker-32: Building] WARN  o.a.m.s.f.DefaultMavenResourcesFiltering - Using platform encoding (UTF-8 actually) to copy filtered resources, i.e. build is platform dependent!
2024-12-23 14:24:29,708 [Worker-32: Building] INFO  o.a.m.s.f.DefaultMavenResourcesFiltering - Copying 0 resource from src\main\resources to target\classes
2024-12-23 14:24:29,717 [Worker-32: Building] WARN  o.a.m.s.f.DefaultMavenResourcesFiltering - Using platform encoding (UTF-8 actually) to copy filtered resources, i.e. build is platform dependent!
2024-12-23 14:24:29,721 [Worker-32: Building] INFO  o.a.m.s.f.DefaultMavenResourcesFiltering - skip non existing resourceDirectory C:\Users\dac.STUDENTSDC\Desktop\Tejas\J2EE\Spring\springmvc\src\test\resources
2024-12-23 14:26:39,927 [Worker-31: Building] WARN  o.a.m.s.f.DefaultMavenResourcesFiltering - Using platform encoding (UTF-8 actually) to copy filtered resources, i.e. build is platform dependent!
2024-12-23 14:26:39,930 [Worker-31: Building] INFO  o.a.m.s.f.DefaultMavenResourcesFiltering - Copying 3 resources from src\main\resources to target\classes
2024-12-23 14:26:39,946 [Worker-31: Building] WARN  o.a.m.s.f.DefaultMavenResourcesFiltering - Using platform encoding (UTF-8 actually) to copy filtered resources, i.e. build is platform dependent!
2024-12-23 14:26:39,949 [Worker-31: Building] INFO  o.a.m.s.f.DefaultMavenResourcesFiltering - skip non existing resourceDirectory C:\Users\dac.STUDENTSDC\Desktop\Tejas\J2EE\Spring\springmvc\src\test\resources
2024-12-23 14:26:55,328 [Worker-37: Building] WARN  o.a.m.s.f.DefaultMavenResourcesFiltering - Using platform encoding (UTF-8 actually) to copy filtered resources, i.e. build is platform dependent!
2024-12-23 14:26:55,334 [Worker-37: Building] INFO  o.a.m.s.f.DefaultMavenResourcesFiltering - Copying 3 resources from src\main\resources to target\classes
2024-12-23 14:26:55,345 [Worker-37: Building] WARN  o.a.m.s.f.DefaultMavenResourcesFiltering - Using platform encoding (UTF-8 actually) to copy filtered resources, i.e. build is platform dependent!
2024-12-23 14:26:55,347 [Worker-37: Building] INFO  o.a.m.s.f.DefaultMavenResourcesFiltering - skip non existing resourceDirectory C:\Users\dac.STUDENTSDC\Desktop\Tejas\J2EE\Spring\springmvc\src\test\resources
2024-12-23 14:27:26,565 [Worker-38: Building] WARN  o.a.m.s.f.DefaultMavenResourcesFiltering - Using platform encoding (UTF-8 actually) to copy filtered resources, i.e. build is platform dependent!
2024-12-23 14:27:26,568 [Worker-38: Building] INFO  o.a.m.s.f.DefaultMavenResourcesFiltering - Copying 3 resources from src\main\resources to target\classes
2024-12-23 14:27:26,585 [Worker-38: Building] WARN  o.a.m.s.f.DefaultMavenResourcesFiltering - Using platform encoding (UTF-8 actually) to copy filtered resources, i.e. build is platform dependent!
2024-12-23 14:27:26,589 [Worker-38: Building] INFO  o.a.m.s.f.DefaultMavenResourcesFiltering - skip non existing resourceDirectory C:\Users\dac.STUDENTSDC\Desktop\Tejas\J2EE\Spring\springmvc\src\test\resources
2024-12-23 14:27:44,455 [Worker-38: Building] WARN  o.a.m.s.f.DefaultMavenResourcesFiltering - Using platform encoding (UTF-8 actually) to copy filtered resources, i.e. build is platform dependent!
2024-12-23 14:27:44,458 [Worker-38: Building] INFO  o.a.m.s.f.DefaultMavenResourcesFiltering - Copying 3 resources from src\main\resources to target\classes
2024-12-23 14:27:44,468 [Worker-38: Building] WARN  o.a.m.s.f.DefaultMavenResourcesFiltering - Using platform encoding (UTF-8 actually) to copy filtered resources, i.e. build is platform dependent!
2024-12-23 14:27:44,470 [Worker-38: Building] INFO  o.a.m.s.f.DefaultMavenResourcesFiltering - skip non existing resourceDirectory C:\Users\dac.STUDENTSDC\Desktop\Tejas\J2EE\Spring\springmvc\src\test\resources
2024-12-23 14:27:59,600 [Worker-37: Building] WARN  o.a.m.s.f.DefaultMavenResourcesFiltering - Using platform encoding (UTF-8 actually) to copy filtered resources, i.e. build is platform dependent!
2024-12-23 14:27:59,602 [Worker-37: Building] INFO  o.a.m.s.f.DefaultMavenResourcesFiltering - Copying 3 resources from src\main\resources to target\classes
2024-12-23 14:27:59,611 [Worker-37: Building] WARN  o.a.m.s.f.DefaultMavenResourcesFiltering - Using platform encoding (UTF-8 actually) to copy filtered resources, i.e. build is platform dependent!
2024-12-23 14:27:59,613 [Worker-37: Building] INFO  o.a.m.s.f.DefaultMavenResourcesFiltering - skip non existing resourceDirectory C:\Users\dac.STUDENTSDC\Desktop\Tejas\J2EE\Spring\springmvc\src\test\resources
2024-12-23 14:28:07,861 [Worker-37: Building] WARN  o.a.m.s.f.DefaultMavenResourcesFiltering - Using platform encoding (UTF-8 actually) to copy filtered resources, i.e. build is platform dependent!
2024-12-23 14:28:07,865 [Worker-37: Building] INFO  o.a.m.s.f.DefaultMavenResourcesFiltering - Copying 3 resources from src\main\resources to target\classes
2024-12-23 14:28:07,877 [Worker-37: Building] WARN  o.a.m.s.f.DefaultMavenResourcesFiltering - Using platform encoding (UTF-8 actually) to copy filtered resources, i.e. build is platform dependent!
2024-12-23 14:28:07,879 [Worker-37: Building] INFO  o.a.m.s.f.DefaultMavenResourcesFiltering - skip non existing resourceDirectory C:\Users\dac.STUDENTSDC\Desktop\Tejas\J2EE\Spring\springmvc\src\test\resources
2024-12-23 14:28:18,101 [Worker-35: Building] WARN  o.a.m.s.f.DefaultMavenResourcesFiltering - Using platform encoding (UTF-8 actually) to copy filtered resources, i.e. build is platform dependent!
2024-12-23 14:28:18,109 [Worker-35: Building] INFO  o.a.m.s.f.DefaultMavenResourcesFiltering - Copying 3 resources from src\main\resources to target\classes
2024-12-23 14:28:18,120 [Worker-35: Building] WARN  o.a.m.s.f.DefaultMavenResourcesFiltering - Using platform encoding (UTF-8 actually) to copy filtered resources, i.e. build is platform dependent!
2024-12-23 14:28:18,122 [Worker-35: Building] INFO  o.a.m.s.f.DefaultMavenResourcesFiltering - skip non existing resourceDirectory C:\Users\dac.STUDENTSDC\Desktop\Tejas\J2EE\Spring\springmvc\src\test\resources
2024-12-23 14:28:42,258 [Worker-39: Building] WARN  o.a.m.s.f.DefaultMavenResourcesFiltering - Using platform encoding (UTF-8 actually) to copy filtered resources, i.e. build is platform dependent!
2024-12-23 14:28:42,260 [Worker-39: Building] INFO  o.a.m.s.f.DefaultMavenResourcesFiltering - Copying 3 resources from src\main\resources to target\classes
2024-12-23 14:28:42,263 [Worker-39: Building] WARN  o.a.m.s.f.DefaultMavenResourcesFiltering - Using platform encoding (UTF-8 actually) to copy filtered resources, i.e. build is platform dependent!
2024-12-23 14:28:42,264 [Worker-39: Building] INFO  o.a.m.s.f.DefaultMavenResourcesFiltering - skip non existing resourceDirectory C:\Users\dac.STUDENTSDC\Desktop\Tejas\J2EE\Spring\springmvc\src\test\resources
2024-12-23 14:29:05,036 [Worker-40: Building] WARN  o.a.m.s.f.DefaultMavenResourcesFiltering - Using platform encoding (UTF-8 actually) to copy filtered resources, i.e. build is platform dependent!
2024-12-23 14:29:05,041 [Worker-40: Building] INFO  o.a.m.s.f.DefaultMavenResourcesFiltering - Copying 3 resources from src\main\resources to target\classes
2024-12-23 14:29:05,046 [Worker-40: Building] WARN  o.a.m.s.f.DefaultMavenResourcesFiltering - Using platform encoding (UTF-8 actually) to copy filtered resources, i.e. build is platform dependent!
2024-12-23 14:29:05,047 [Worker-40: Building] INFO  o.a.m.s.f.DefaultMavenResourcesFiltering - skip non existing resourceDirectory C:\Users\dac.STUDENTSDC\Desktop\Tejas\J2EE\Spring\springmvc\src\test\resources
2024-12-23 14:29:19,685 [Worker-40: Building] WARN  o.a.m.s.f.DefaultMavenResourcesFiltering - Using platform encoding (UTF-8 actually) to copy filtered resources, i.e. build is platform dependent!
2024-12-23 14:29:19,688 [Worker-40: Building] INFO  o.a.m.s.f.DefaultMavenResourcesFiltering - Copying 3 resources from src\main\resources to target\classes
2024-12-23 14:29:19,697 [Worker-40: Building] WARN  o.a.m.s.f.DefaultMavenResourcesFiltering - Using platform encoding (UTF-8 actually) to copy filtered resources, i.e. build is platform dependent!
2024-12-23 14:29:19,700 [Worker-40: Building] INFO  o.a.m.s.f.DefaultMavenResourcesFiltering - skip non existing resourceDirectory C:\Users\dac.STUDENTSDC\Desktop\Tejas\J2EE\Spring\springmvc\src\test\resources
2024-12-23 14:29:33,509 [Worker-40: Building] WARN  o.a.m.s.f.DefaultMavenResourcesFiltering - Using platform encoding (UTF-8 actually) to copy filtered resources, i.e. build is platform dependent!
2024-12-23 14:29:33,513 [Worker-40: Building] INFO  o.a.m.s.f.DefaultMavenResourcesFiltering - Copying 3 resources from src\main\resources to target\classes
2024-12-23 14:29:33,521 [Worker-40: Building] WARN  o.a.m.s.f.DefaultMavenResourcesFiltering - Using platform encoding (UTF-8 actually) to copy filtered resources, i.e. build is platform dependent!
2024-12-23 14:29:33,522 [Worker-40: Building] INFO  o.a.m.s.f.DefaultMavenResourcesFiltering - skip non existing resourceDirectory C:\Users\dac.STUDENTSDC\Desktop\Tejas\J2EE\Spring\springmvc\src\test\resources
2024-12-23 14:31:21,293 [Worker-31: Launching mavenrun-07a3b079-ce72-4b6f-bcc7-71631a2f0e25] INFO  o.eclipse.m2e.core.internal.Bundles - getClasspathEntries(Bundle=org.eclipse.m2e.maven.runtime_3.9.900.20240824-1409 [1500])
2024-12-23 14:31:21,296 [Worker-31: Launching mavenrun-07a3b079-ce72-4b6f-bcc7-71631a2f0e25] INFO  o.eclipse.m2e.core.internal.Bundles - 	Entry: C:\Users\dac.STUDENTSDC\eclipse-jee-2022-06-R-win32-x86_64 (1)\eclipse\plugins\org.eclipse.m2e.maven.runtime_3.9.900.20240824-1409
2024-12-23 14:31:21,298 [Worker-31: Launching mavenrun-07a3b079-ce72-4b6f-bcc7-71631a2f0e25] INFO  o.eclipse.m2e.core.internal.Bundles - 	Entry: C:\Users\dac.STUDENTSDC\eclipse-jee-2022-06-R-win32-x86_64 (1)\eclipse\plugins\org.eclipse.m2e.maven.runtime_3.9.900.20240824-1409\jars\aopalliance-1.0.jar
2024-12-23 14:31:21,299 [Worker-31: Launching mavenrun-07a3b079-ce72-4b6f-bcc7-71631a2f0e25] INFO  o.eclipse.m2e.core.internal.Bundles - 	Entry: C:\Users\dac.STUDENTSDC\eclipse-jee-2022-06-R-win32-x86_64 (1)\eclipse\plugins\org.eclipse.m2e.maven.runtime_3.9.900.20240824-1409\jars\guice-5.1.0.jar
2024-12-23 14:31:21,300 [Worker-31: Launching mavenrun-07a3b079-ce72-4b6f-bcc7-71631a2f0e25] INFO  o.eclipse.m2e.core.internal.Bundles - 	Entry: C:\Users\dac.STUDENTSDC\eclipse-jee-2022-06-R-win32-x86_64 (1)\eclipse\plugins\org.eclipse.m2e.maven.runtime_3.9.900.20240824-1409\jars\httpclient-4.5.14.jar
2024-12-23 14:31:21,301 [Worker-31: Launching mavenrun-07a3b079-ce72-4b6f-bcc7-71631a2f0e25] INFO  o.eclipse.m2e.core.internal.Bundles - 	Entry: C:\Users\dac.STUDENTSDC\eclipse-jee-2022-06-R-win32-x86_64 (1)\eclipse\plugins\org.eclipse.m2e.maven.runtime_3.9.900.20240824-1409\jars\httpcore-4.4.16.jar
2024-12-23 14:31:21,301 [Worker-31: Launching mavenrun-07a3b079-ce72-4b6f-bcc7-71631a2f0e25] INFO  o.eclipse.m2e.core.internal.Bundles - 	Entry: C:\Users\dac.STUDENTSDC\eclipse-jee-2022-06-R-win32-x86_64 (1)\eclipse\plugins\org.eclipse.m2e.maven.runtime_3.9.900.20240824-1409\jars\jansi-2.4.1.jar
2024-12-23 14:31:21,301 [Worker-31: Launching mavenrun-07a3b079-ce72-4b6f-bcc7-71631a2f0e25] INFO  o.eclipse.m2e.core.internal.Bundles - 	Entry: C:\Users\dac.STUDENTSDC\eclipse-jee-2022-06-R-win32-x86_64 (1)\eclipse\plugins\org.eclipse.m2e.maven.runtime_3.9.900.20240824-1409\jars\jcl-over-slf4j-1.7.36.jar
2024-12-23 14:31:21,302 [Worker-31: Launching mavenrun-07a3b079-ce72-4b6f-bcc7-71631a2f0e25] INFO  o.eclipse.m2e.core.internal.Bundles - 	Entry: C:\Users\dac.STUDENTSDC\eclipse-jee-2022-06-R-win32-x86_64 (1)\eclipse\plugins\org.eclipse.m2e.maven.runtime_3.9.900.20240824-1409\jars\maven-artifact-3.9.9.jar
2024-12-23 14:31:21,302 [Worker-31: Launching mavenrun-07a3b079-ce72-4b6f-bcc7-71631a2f0e25] INFO  o.eclipse.m2e.core.internal.Bundles - 	Entry: C:\Users\dac.STUDENTSDC\eclipse-jee-2022-06-R-win32-x86_64 (1)\eclipse\plugins\org.eclipse.m2e.maven.runtime_3.9.900.20240824-1409\jars\maven-builder-support-3.9.9.jar
2024-12-23 14:31:21,302 [Worker-31: Launching mavenrun-07a3b079-ce72-4b6f-bcc7-71631a2f0e25] INFO  o.eclipse.m2e.core.internal.Bundles - 	Entry: C:\Users\dac.STUDENTSDC\eclipse-jee-2022-06-R-win32-x86_64 (1)\eclipse\plugins\org.eclipse.m2e.maven.runtime_3.9.900.20240824-1409\jars\maven-compat-3.9.9.jar
2024-12-23 14:31:21,303 [Worker-31: Launching mavenrun-07a3b079-ce72-4b6f-bcc7-71631a2f0e25] INFO  o.eclipse.m2e.core.internal.Bundles - 	Entry: C:\Users\dac.STUDENTSDC\eclipse-jee-2022-06-R-win32-x86_64 (1)\eclipse\plugins\org.eclipse.m2e.maven.runtime_3.9.900.20240824-1409\jars\maven-core-3.9.9.jar
2024-12-23 14:31:21,303 [Worker-31: Launching mavenrun-07a3b079-ce72-4b6f-bcc7-71631a2f0e25] INFO  o.eclipse.m2e.core.internal.Bundles - 	Entry: C:\Users\dac.STUDENTSDC\eclipse-jee-2022-06-R-win32-x86_64 (1)\eclipse\plugins\org.eclipse.m2e.maven.runtime_3.9.900.20240824-1409\jars\maven-embedder-3.9.9.jar
2024-12-23 14:31:21,303 [Worker-31: Launching mavenrun-07a3b079-ce72-4b6f-bcc7-71631a2f0e25] INFO  o.eclipse.m2e.core.internal.Bundles - 	Entry: C:\Users\dac.STUDENTSDC\eclipse-jee-2022-06-R-win32-x86_64 (1)\eclipse\plugins\org.eclipse.m2e.maven.runtime_3.9.900.20240824-1409\jars\maven-model-3.9.9.jar
2024-12-23 14:31:21,304 [Worker-31: Launching mavenrun-07a3b079-ce72-4b6f-bcc7-71631a2f0e25] INFO  o.eclipse.m2e.core.internal.Bundles - 	Entry: C:\Users\dac.STUDENTSDC\eclipse-jee-2022-06-R-win32-x86_64 (1)\eclipse\plugins\org.eclipse.m2e.maven.runtime_3.9.900.20240824-1409\jars\maven-model-builder-3.9.9.jar
2024-12-23 14:31:21,304 [Worker-31: Launching mavenrun-07a3b079-ce72-4b6f-bcc7-71631a2f0e25] INFO  o.eclipse.m2e.core.internal.Bundles - 	Entry: C:\Users\dac.STUDENTSDC\eclipse-jee-2022-06-R-win32-x86_64 (1)\eclipse\plugins\org.eclipse.m2e.maven.runtime_3.9.900.20240824-1409\jars\maven-plugin-api-3.9.9.jar
2024-12-23 14:31:21,304 [Worker-31: Launching mavenrun-07a3b079-ce72-4b6f-bcc7-71631a2f0e25] INFO  o.eclipse.m2e.core.internal.Bundles - 	Entry: C:\Users\dac.STUDENTSDC\eclipse-jee-2022-06-R-win32-x86_64 (1)\eclipse\plugins\org.eclipse.m2e.maven.runtime_3.9.900.20240824-1409\jars\maven-repository-metadata-3.9.9.jar
2024-12-23 14:31:21,304 [Worker-31: Launching mavenrun-07a3b079-ce72-4b6f-bcc7-71631a2f0e25] INFO  o.eclipse.m2e.core.internal.Bundles - 	Entry: C:\Users\dac.STUDENTSDC\eclipse-jee-2022-06-R-win32-x86_64 (1)\eclipse\plugins\org.eclipse.m2e.maven.runtime_3.9.900.20240824-1409\jars\maven-resolver-api-1.9.22.jar
2024-12-23 14:31:21,304 [Worker-31: Launching mavenrun-07a3b079-ce72-4b6f-bcc7-71631a2f0e25] INFO  o.eclipse.m2e.core.internal.Bundles - 	Entry: C:\Users\dac.STUDENTSDC\eclipse-jee-2022-06-R-win32-x86_64 (1)\eclipse\plugins\org.eclipse.m2e.maven.runtime_3.9.900.20240824-1409\jars\maven-resolver-connector-basic-1.9.22.jar
2024-12-23 14:31:21,305 [Worker-31: Launching mavenrun-07a3b079-ce72-4b6f-bcc7-71631a2f0e25] INFO  o.eclipse.m2e.core.internal.Bundles - 	Entry: C:\Users\dac.STUDENTSDC\eclipse-jee-2022-06-R-win32-x86_64 (1)\eclipse\plugins\org.eclipse.m2e.maven.runtime_3.9.900.20240824-1409\jars\maven-resolver-impl-1.9.22.jar
2024-12-23 14:31:21,305 [Worker-31: Launching mavenrun-07a3b079-ce72-4b6f-bcc7-71631a2f0e25] INFO  o.eclipse.m2e.core.internal.Bundles - 	Entry: C:\Users\dac.STUDENTSDC\eclipse-jee-2022-06-R-win32-x86_64 (1)\eclipse\plugins\org.eclipse.m2e.maven.runtime_3.9.900.20240824-1409\jars\maven-resolver-named-locks-1.9.22.jar
2024-12-23 14:31:21,305 [Worker-31: Launching mavenrun-07a3b079-ce72-4b6f-bcc7-71631a2f0e25] INFO  o.eclipse.m2e.core.internal.Bundles - 	Entry: C:\Users\dac.STUDENTSDC\eclipse-jee-2022-06-R-win32-x86_64 (1)\eclipse\plugins\org.eclipse.m2e.maven.runtime_3.9.900.20240824-1409\jars\maven-resolver-provider-3.9.9.jar
2024-12-23 14:31:21,305 [Worker-31: Launching mavenrun-07a3b079-ce72-4b6f-bcc7-71631a2f0e25] INFO  o.eclipse.m2e.core.internal.Bundles - 	Entry: C:\Users\dac.STUDENTSDC\eclipse-jee-2022-06-R-win32-x86_64 (1)\eclipse\plugins\org.eclipse.m2e.maven.runtime_3.9.900.20240824-1409\jars\maven-resolver-spi-1.9.22.jar
2024-12-23 14:31:21,306 [Worker-31: Launching mavenrun-07a3b079-ce72-4b6f-bcc7-71631a2f0e25] INFO  o.eclipse.m2e.core.internal.Bundles - 	Entry: C:\Users\dac.STUDENTSDC\eclipse-jee-2022-06-R-win32-x86_64 (1)\eclipse\plugins\org.eclipse.m2e.maven.runtime_3.9.900.20240824-1409\jars\maven-resolver-transport-file-1.9.22.jar
2024-12-23 14:31:21,306 [Worker-31: Launching mavenrun-07a3b079-ce72-4b6f-bcc7-71631a2f0e25] INFO  o.eclipse.m2e.core.internal.Bundles - 	Entry: C:\Users\dac.STUDENTSDC\eclipse-jee-2022-06-R-win32-x86_64 (1)\eclipse\plugins\org.eclipse.m2e.maven.runtime_3.9.900.20240824-1409\jars\maven-resolver-transport-http-1.9.22.jar
2024-12-23 14:31:21,307 [Worker-31: Launching mavenrun-07a3b079-ce72-4b6f-bcc7-71631a2f0e25] INFO  o.eclipse.m2e.core.internal.Bundles - 	Entry: C:\Users\dac.STUDENTSDC\eclipse-jee-2022-06-R-win32-x86_64 (1)\eclipse\plugins\org.eclipse.m2e.maven.runtime_3.9.900.20240824-1409\jars\maven-resolver-transport-wagon-1.9.22.jar
2024-12-23 14:31:21,307 [Worker-31: Launching mavenrun-07a3b079-ce72-4b6f-bcc7-71631a2f0e25] INFO  o.eclipse.m2e.core.internal.Bundles - 	Entry: C:\Users\dac.STUDENTSDC\eclipse-jee-2022-06-R-win32-x86_64 (1)\eclipse\plugins\org.eclipse.m2e.maven.runtime_3.9.900.20240824-1409\jars\maven-resolver-util-1.9.22.jar
2024-12-23 14:31:21,307 [Worker-31: Launching mavenrun-07a3b079-ce72-4b6f-bcc7-71631a2f0e25] INFO  o.eclipse.m2e.core.internal.Bundles - 	Entry: C:\Users\dac.STUDENTSDC\eclipse-jee-2022-06-R-win32-x86_64 (1)\eclipse\plugins\org.eclipse.m2e.maven.runtime_3.9.900.20240824-1409\jars\maven-settings-3.9.9.jar
2024-12-23 14:31:21,307 [Worker-31: Launching mavenrun-07a3b079-ce72-4b6f-bcc7-71631a2f0e25] INFO  o.eclipse.m2e.core.internal.Bundles - 	Entry: C:\Users\dac.STUDENTSDC\eclipse-jee-2022-06-R-win32-x86_64 (1)\eclipse\plugins\org.eclipse.m2e.maven.runtime_3.9.900.20240824-1409\jars\maven-settings-builder-3.9.9.jar
2024-12-23 14:31:21,308 [Worker-31: Launching mavenrun-07a3b079-ce72-4b6f-bcc7-71631a2f0e25] INFO  o.eclipse.m2e.core.internal.Bundles - 	Entry: C:\Users\dac.STUDENTSDC\eclipse-jee-2022-06-R-win32-x86_64 (1)\eclipse\plugins\org.eclipse.m2e.maven.runtime_3.9.900.20240824-1409\jars\maven-shared-utils-3.4.2.jar
2024-12-23 14:31:21,308 [Worker-31: Launching mavenrun-07a3b079-ce72-4b6f-bcc7-71631a2f0e25] INFO  o.eclipse.m2e.core.internal.Bundles - 	Entry: C:\Users\dac.STUDENTSDC\eclipse-jee-2022-06-R-win32-x86_64 (1)\eclipse\plugins\org.eclipse.m2e.maven.runtime_3.9.900.20240824-1409\jars\org.eclipse.sisu.inject-0.9.0.M3.jar
2024-12-23 14:31:21,308 [Worker-31: Launching mavenrun-07a3b079-ce72-4b6f-bcc7-71631a2f0e25] INFO  o.eclipse.m2e.core.internal.Bundles - 	Entry: C:\Users\dac.STUDENTSDC\eclipse-jee-2022-06-R-win32-x86_64 (1)\eclipse\plugins\org.eclipse.m2e.maven.runtime_3.9.900.20240824-1409\jars\org.eclipse.sisu.plexus-0.9.0.M3.jar
2024-12-23 14:31:21,308 [Worker-31: Launching mavenrun-07a3b079-ce72-4b6f-bcc7-71631a2f0e25] INFO  o.eclipse.m2e.core.internal.Bundles - 	Entry: C:\Users\dac.STUDENTSDC\eclipse-jee-2022-06-R-win32-x86_64 (1)\eclipse\plugins\org.eclipse.m2e.maven.runtime_3.9.900.20240824-1409\jars\plexus-build-api-0.0.7.jar
2024-12-23 14:31:21,309 [Worker-31: Launching mavenrun-07a3b079-ce72-4b6f-bcc7-71631a2f0e25] INFO  o.eclipse.m2e.core.internal.Bundles - 	Entry: C:\Users\dac.STUDENTSDC\eclipse-jee-2022-06-R-win32-x86_64 (1)\eclipse\plugins\org.eclipse.m2e.maven.runtime_3.9.900.20240824-1409\jars\plexus-build-api-1.2.0.jar
2024-12-23 14:31:21,309 [Worker-31: Launching mavenrun-07a3b079-ce72-4b6f-bcc7-71631a2f0e25] INFO  o.eclipse.m2e.core.internal.Bundles - 	Entry: C:\Users\dac.STUDENTSDC\eclipse-jee-2022-06-R-win32-x86_64 (1)\eclipse\plugins\org.eclipse.m2e.maven.runtime_3.9.900.20240824-1409\jars\plexus-cipher-2.0.jar
2024-12-23 14:31:21,309 [Worker-31: Launching mavenrun-07a3b079-ce72-4b6f-bcc7-71631a2f0e25] INFO  o.eclipse.m2e.core.internal.Bundles - 	Entry: C:\Users\dac.STUDENTSDC\eclipse-jee-2022-06-R-win32-x86_64 (1)\eclipse\plugins\org.eclipse.m2e.maven.runtime_3.9.900.20240824-1409\jars\plexus-classworlds-2.8.0.jar
2024-12-23 14:31:21,309 [Worker-31: Launching mavenrun-07a3b079-ce72-4b6f-bcc7-71631a2f0e25] INFO  o.eclipse.m2e.core.internal.Bundles - 	Entry: C:\Users\dac.STUDENTSDC\eclipse-jee-2022-06-R-win32-x86_64 (1)\eclipse\plugins\org.eclipse.m2e.maven.runtime_3.9.900.20240824-1409\jars\plexus-component-annotations-2.1.0.jar
2024-12-23 14:31:21,309 [Worker-31: Launching mavenrun-07a3b079-ce72-4b6f-bcc7-71631a2f0e25] INFO  o.eclipse.m2e.core.internal.Bundles - 	Entry: C:\Users\dac.STUDENTSDC\eclipse-jee-2022-06-R-win32-x86_64 (1)\eclipse\plugins\org.eclipse.m2e.maven.runtime_3.9.900.20240824-1409\jars\plexus-interpolation-1.27.jar
2024-12-23 14:31:21,309 [Worker-31: Launching mavenrun-07a3b079-ce72-4b6f-bcc7-71631a2f0e25] INFO  o.eclipse.m2e.core.internal.Bundles - 	Entry: C:\Users\dac.STUDENTSDC\eclipse-jee-2022-06-R-win32-x86_64 (1)\eclipse\plugins\org.eclipse.m2e.maven.runtime_3.9.900.20240824-1409\jars\plexus-sec-dispatcher-2.0.jar
2024-12-23 14:31:21,309 [Worker-31: Launching mavenrun-07a3b079-ce72-4b6f-bcc7-71631a2f0e25] INFO  o.eclipse.m2e.core.internal.Bundles - 	Entry: C:\Users\dac.STUDENTSDC\eclipse-jee-2022-06-R-win32-x86_64 (1)\eclipse\plugins\org.eclipse.m2e.maven.runtime_3.9.900.20240824-1409\jars\plexus-utils-3.5.1.jar
2024-12-23 14:31:21,310 [Worker-31: Launching mavenrun-07a3b079-ce72-4b6f-bcc7-71631a2f0e25] INFO  o.eclipse.m2e.core.internal.Bundles - 	Entry: C:\Users\dac.STUDENTSDC\eclipse-jee-2022-06-R-win32-x86_64 (1)\eclipse\plugins\org.eclipse.m2e.maven.runtime_3.9.900.20240824-1409\jars\plexus-xml-3.0.1.jar
2024-12-23 14:31:21,310 [Worker-31: Launching mavenrun-07a3b079-ce72-4b6f-bcc7-71631a2f0e25] INFO  o.eclipse.m2e.core.internal.Bundles - 	Entry: C:\Users\dac.STUDENTSDC\eclipse-jee-2022-06-R-win32-x86_64 (1)\eclipse\plugins\org.eclipse.m2e.maven.runtime_3.9.900.20240824-1409\jars\wagon-file-3.5.3.jar
2024-12-23 14:31:21,310 [Worker-31: Launching mavenrun-07a3b079-ce72-4b6f-bcc7-71631a2f0e25] INFO  o.eclipse.m2e.core.internal.Bundles - 	Entry: C:\Users\dac.STUDENTSDC\eclipse-jee-2022-06-R-win32-x86_64 (1)\eclipse\plugins\org.eclipse.m2e.maven.runtime_3.9.900.20240824-1409\jars\wagon-http-3.5.3.jar
2024-12-23 14:31:21,310 [Worker-31: Launching mavenrun-07a3b079-ce72-4b6f-bcc7-71631a2f0e25] INFO  o.eclipse.m2e.core.internal.Bundles - 	Entry: C:\Users\dac.STUDENTSDC\eclipse-jee-2022-06-R-win32-x86_64 (1)\eclipse\plugins\org.eclipse.m2e.maven.runtime_3.9.900.20240824-1409\jars\wagon-http-shared-3.5.3.jar
2024-12-23 14:31:21,311 [Worker-31: Launching mavenrun-07a3b079-ce72-4b6f-bcc7-71631a2f0e25] INFO  o.eclipse.m2e.core.internal.Bundles - 	Entry: C:\Users\dac.STUDENTSDC\eclipse-jee-2022-06-R-win32-x86_64 (1)\eclipse\plugins\org.eclipse.m2e.maven.runtime_3.9.900.20240824-1409\jars\wagon-provider-api-3.5.3.jar
2024-12-23 14:31:21,311 [Worker-31: Launching mavenrun-07a3b079-ce72-4b6f-bcc7-71631a2f0e25] INFO  o.eclipse.m2e.core.internal.Bundles - getClasspathEntries(Bundle=com.google.guava_33.3.1.jre [990])
2024-12-23 14:31:21,312 [Worker-31: Launching mavenrun-07a3b079-ce72-4b6f-bcc7-71631a2f0e25] INFO  o.eclipse.m2e.core.internal.Bundles - 	Entry: C:\Users\dac.STUDENTSDC\eclipse-jee-2022-06-R-win32-x86_64 (1)\eclipse\plugins\com.google.guava_33.3.1.jre.jar
2024-12-23 14:31:21,312 [Worker-31: Launching mavenrun-07a3b079-ce72-4b6f-bcc7-71631a2f0e25] INFO  o.eclipse.m2e.core.internal.Bundles - getClasspathEntries(Bundle=slf4j.api_2.0.16 [1745])
2024-12-23 14:31:21,313 [Worker-31: Launching mavenrun-07a3b079-ce72-4b6f-bcc7-71631a2f0e25] INFO  o.eclipse.m2e.core.internal.Bundles - 	Entry: C:\Users\dac.STUDENTSDC\eclipse-jee-2022-06-R-win32-x86_64 (1)\eclipse\plugins\slf4j.api_2.0.16.jar
2024-12-23 14:31:21,313 [Worker-31: Launching mavenrun-07a3b079-ce72-4b6f-bcc7-71631a2f0e25] INFO  o.eclipse.m2e.core.internal.Bundles - getClasspathEntries(Bundle=javax.inject_1.0.0.v20220405-0441 [30])
2024-12-23 14:31:21,314 [Worker-31: Launching mavenrun-07a3b079-ce72-4b6f-bcc7-71631a2f0e25] INFO  o.eclipse.m2e.core.internal.Bundles - 	Entry: C:\Users\dac.STUDENTSDC\eclipse-jee-2022-06-R-win32-x86_64 (1)\eclipse\plugins\javax.inject_1.0.0.v20220405-0441.jar
2024-12-23 14:31:21,314 [Worker-31: Launching mavenrun-07a3b079-ce72-4b6f-bcc7-71631a2f0e25] INFO  o.eclipse.m2e.core.internal.Bundles - getClasspathEntries(Bundle=javax.annotation_1.3.5.v20230504-0748 [1003])
2024-12-23 14:31:21,315 [Worker-31: Launching mavenrun-07a3b079-ce72-4b6f-bcc7-71631a2f0e25] INFO  o.eclipse.m2e.core.internal.Bundles - 	Entry: C:\Users\dac.STUDENTSDC\eclipse-jee-2022-06-R-win32-x86_64 (1)\eclipse\plugins\javax.annotation_1.3.5.v20230504-0748.jar
2024-12-23 14:31:21,315 [Worker-31: Launching mavenrun-07a3b079-ce72-4b6f-bcc7-71631a2f0e25] INFO  o.eclipse.m2e.core.internal.Bundles - getClasspathEntries(Bundle=org.apache.commons.cli_1.9.0 [1026])
2024-12-23 14:31:21,316 [Worker-31: Launching mavenrun-07a3b079-ce72-4b6f-bcc7-71631a2f0e25] INFO  o.eclipse.m2e.core.internal.Bundles - 	Entry: C:\Users\dac.STUDENTSDC\eclipse-jee-2022-06-R-win32-x86_64 (1)\eclipse\plugins\org.apache.commons.cli_1.9.0.jar
2024-12-23 14:31:21,316 [Worker-31: Launching mavenrun-07a3b079-ce72-4b6f-bcc7-71631a2f0e25] INFO  o.eclipse.m2e.core.internal.Bundles - getClasspathEntries(Bundle=org.apache.commons.commons-codec_1.16.0 [906])
2024-12-23 14:31:21,316 [Worker-31: Launching mavenrun-07a3b079-ce72-4b6f-bcc7-71631a2f0e25] INFO  o.eclipse.m2e.core.internal.Bundles - 	Entry: C:\Users\dac.STUDENTSDC\eclipse-jee-2022-06-R-win32-x86_64 (1)\eclipse\plugins\org.apache.commons.commons-codec_1.16.0.jar
2024-12-23 14:31:21,316 [Worker-31: Launching mavenrun-07a3b079-ce72-4b6f-bcc7-71631a2f0e25] INFO  o.eclipse.m2e.core.internal.Bundles - getClasspathEntries(Bundle=com.google.guava.failureaccess_1.0.2 [991])
2024-12-23 14:31:21,317 [Worker-31: Launching mavenrun-07a3b079-ce72-4b6f-bcc7-71631a2f0e25] INFO  o.eclipse.m2e.core.internal.Bundles - 	Entry: C:\Users\dac.STUDENTSDC\eclipse-jee-2022-06-R-win32-x86_64 (1)\eclipse\plugins\com.google.guava.failureaccess_1.0.2.jar
2024-12-23 14:31:21,319 [Worker-31: Launching mavenrun-07a3b079-ce72-4b6f-bcc7-71631a2f0e25] INFO  o.e.m.i.launch.MavenLaunchDelegate - Run build in "C:\Users\DAC~1.STU\AppData\Local\Temp\m2e-archetypeGenerator2921023952388915233":
2024-12-23 14:31:21,319 [Worker-31: Launching mavenrun-07a3b079-ce72-4b6f-bcc7-71631a2f0e25] INFO  o.e.m.i.launch.MavenLaunchDelegate -  mvn  -DarchetypeGroupId=org.apache.maven.archetypes -DarchetypeArtifactId=maven-archetype-webapp -DarchetypeVersion=1.0 -DgroupId=fi -DartifactId=com -Dversion=0.0.1-SNAPSHOT -Dpackage=fi.com -DoutputDirectory=C:\Users\dac.STUDENTSDC\Desktop\Tejas\J2EE\Spring -B -Dstyle.color=always -U archetype:generate
2024-12-23 14:31:31,492 [Worker-37: Creating maven-archetype-webapp] INFO  o.e.m.c.i.p.ProjectConfigurationManager - Collecting project info '/pom.xml' C:\Users\dac.STUDENTSDC\Desktop\Tejas\J2EE\Spring\com\pom.xml
2024-12-23 14:31:31,640 [Worker-37: Creating maven-archetype-webapp] INFO  o.e.m.c.i.l.LifecycleMappingFactory - Using org.maven.ide.eclipse.wtp.WarLifecycleMapping lifecycle mapping for MavenProject: fi:com:0.0.1-SNAPSHOT @ C:\Users\dac.STUDENTSDC\Desktop\Tejas\J2EE\Spring\com\pom.xml.
2024-12-23 14:31:31,728 [Worker-37: Creating maven-archetype-webapp] INFO  o.e.m.j.i.AbstractJavaProjectConfigurator - Adding source folder /com/src/main/java
2024-12-23 14:31:31,729 [Worker-37: Creating maven-archetype-webapp] INFO  o.e.m.j.i.AbstractJavaProjectConfigurator - Adding resource folder /com/src/main/resources
2024-12-23 14:31:31,730 [Worker-37: Creating maven-archetype-webapp] INFO  o.e.m.j.i.AbstractJavaProjectConfigurator - Adding source folder /com/src/test/java
2024-12-23 14:31:31,731 [Worker-37: Creating maven-archetype-webapp] INFO  o.e.m.j.i.AbstractJavaProjectConfigurator - Adding resource folder /com/src/test/resources
2024-12-23 14:31:32,154 [Worker-37: Creating maven-archetype-webapp] INFO  o.e.m.c.i.p.ProjectConfigurationManager - Imported and configured 1 project(s) in 0 sec
2024-12-23 14:31:32,380 [Worker-43: Building] WARN  o.a.m.s.f.DefaultMavenResourcesFiltering - Using platform encoding (UTF-8 actually) to copy filtered resources, i.e. build is platform dependent!
2024-12-23 14:31:32,384 [Worker-43: Building] INFO  o.a.m.s.f.DefaultMavenResourcesFiltering - Copying 0 resource from src\main\resources to target\classes
2024-12-23 14:31:32,391 [Worker-43: Building] WARN  o.a.m.s.f.DefaultMavenResourcesFiltering - Using platform encoding (UTF-8 actually) to copy filtered resources, i.e. build is platform dependent!
2024-12-23 14:31:32,393 [Worker-43: Building] INFO  o.a.m.s.f.DefaultMavenResourcesFiltering - skip non existing resourceDirectory C:\Users\dac.STUDENTSDC\Desktop\Tejas\J2EE\Spring\com\src\test\resources
2024-12-23 14:31:33,491 [Worker-31: Building] WARN  o.a.m.s.f.DefaultMavenResourcesFiltering - Using platform encoding (UTF-8 actually) to copy filtered resources, i.e. build is platform dependent!
2024-12-23 14:31:33,494 [Worker-31: Building] INFO  o.a.m.s.f.DefaultMavenResourcesFiltering - Copying 0 resource from src\main\resources to target\classes
2024-12-23 14:31:33,498 [Worker-31: Building] WARN  o.a.m.s.f.DefaultMavenResourcesFiltering - Using platform encoding (UTF-8 actually) to copy filtered resources, i.e. build is platform dependent!
2024-12-23 14:31:33,499 [Worker-31: Building] INFO  o.a.m.s.f.DefaultMavenResourcesFiltering - skip non existing resourceDirectory C:\Users\dac.STUDENTSDC\Desktop\Tejas\J2EE\Spring\com\src\test\resources
2024-12-23 14:32:15,817 [Worker-41: Launching mavenrun-3df03e25-695f-4b0b-872d-4fc9dca4bd70] INFO  o.eclipse.m2e.core.internal.Bundles - getClasspathEntries(Bundle=org.eclipse.m2e.maven.runtime_3.9.900.20240824-1409 [1500])
2024-12-23 14:32:15,818 [Worker-41: Launching mavenrun-3df03e25-695f-4b0b-872d-4fc9dca4bd70] INFO  o.eclipse.m2e.core.internal.Bundles - 	Entry: C:\Users\dac.STUDENTSDC\eclipse-jee-2022-06-R-win32-x86_64 (1)\eclipse\plugins\org.eclipse.m2e.maven.runtime_3.9.900.20240824-1409
2024-12-23 14:32:15,818 [Worker-41: Launching mavenrun-3df03e25-695f-4b0b-872d-4fc9dca4bd70] INFO  o.eclipse.m2e.core.internal.Bundles - 	Entry: C:\Users\dac.STUDENTSDC\eclipse-jee-2022-06-R-win32-x86_64 (1)\eclipse\plugins\org.eclipse.m2e.maven.runtime_3.9.900.20240824-1409\jars\aopalliance-1.0.jar
2024-12-23 14:32:15,818 [Worker-41: Launching mavenrun-3df03e25-695f-4b0b-872d-4fc9dca4bd70] INFO  o.eclipse.m2e.core.internal.Bundles - 	Entry: C:\Users\dac.STUDENTSDC\eclipse-jee-2022-06-R-win32-x86_64 (1)\eclipse\plugins\org.eclipse.m2e.maven.runtime_3.9.900.20240824-1409\jars\guice-5.1.0.jar
2024-12-23 14:32:15,819 [Worker-41: Launching mavenrun-3df03e25-695f-4b0b-872d-4fc9dca4bd70] INFO  o.eclipse.m2e.core.internal.Bundles - 	Entry: C:\Users\dac.STUDENTSDC\eclipse-jee-2022-06-R-win32-x86_64 (1)\eclipse\plugins\org.eclipse.m2e.maven.runtime_3.9.900.20240824-1409\jars\httpclient-4.5.14.jar
2024-12-23 14:32:15,819 [Worker-41: Launching mavenrun-3df03e25-695f-4b0b-872d-4fc9dca4bd70] INFO  o.eclipse.m2e.core.internal.Bundles - 	Entry: C:\Users\dac.STUDENTSDC\eclipse-jee-2022-06-R-win32-x86_64 (1)\eclipse\plugins\org.eclipse.m2e.maven.runtime_3.9.900.20240824-1409\jars\httpcore-4.4.16.jar
2024-12-23 14:32:15,819 [Worker-41: Launching mavenrun-3df03e25-695f-4b0b-872d-4fc9dca4bd70] INFO  o.eclipse.m2e.core.internal.Bundles - 	Entry: C:\Users\dac.STUDENTSDC\eclipse-jee-2022-06-R-win32-x86_64 (1)\eclipse\plugins\org.eclipse.m2e.maven.runtime_3.9.900.20240824-1409\jars\jansi-2.4.1.jar
2024-12-23 14:32:15,819 [Worker-41: Launching mavenrun-3df03e25-695f-4b0b-872d-4fc9dca4bd70] INFO  o.eclipse.m2e.core.internal.Bundles - 	Entry: C:\Users\dac.STUDENTSDC\eclipse-jee-2022-06-R-win32-x86_64 (1)\eclipse\plugins\org.eclipse.m2e.maven.runtime_3.9.900.20240824-1409\jars\jcl-over-slf4j-1.7.36.jar
2024-12-23 14:32:15,819 [Worker-41: Launching mavenrun-3df03e25-695f-4b0b-872d-4fc9dca4bd70] INFO  o.eclipse.m2e.core.internal.Bundles - 	Entry: C:\Users\dac.STUDENTSDC\eclipse-jee-2022-06-R-win32-x86_64 (1)\eclipse\plugins\org.eclipse.m2e.maven.runtime_3.9.900.20240824-1409\jars\maven-artifact-3.9.9.jar
2024-12-23 14:32:15,819 [Worker-41: Launching mavenrun-3df03e25-695f-4b0b-872d-4fc9dca4bd70] INFO  o.eclipse.m2e.core.internal.Bundles - 	Entry: C:\Users\dac.STUDENTSDC\eclipse-jee-2022-06-R-win32-x86_64 (1)\eclipse\plugins\org.eclipse.m2e.maven.runtime_3.9.900.20240824-1409\jars\maven-builder-support-3.9.9.jar
2024-12-23 14:32:15,820 [Worker-41: Launching mavenrun-3df03e25-695f-4b0b-872d-4fc9dca4bd70] INFO  o.eclipse.m2e.core.internal.Bundles - 	Entry: C:\Users\dac.STUDENTSDC\eclipse-jee-2022-06-R-win32-x86_64 (1)\eclipse\plugins\org.eclipse.m2e.maven.runtime_3.9.900.20240824-1409\jars\maven-compat-3.9.9.jar
2024-12-23 14:32:15,820 [Worker-41: Launching mavenrun-3df03e25-695f-4b0b-872d-4fc9dca4bd70] INFO  o.eclipse.m2e.core.internal.Bundles - 	Entry: C:\Users\dac.STUDENTSDC\eclipse-jee-2022-06-R-win32-x86_64 (1)\eclipse\plugins\org.eclipse.m2e.maven.runtime_3.9.900.20240824-1409\jars\maven-core-3.9.9.jar
2024-12-23 14:32:15,820 [Worker-41: Launching mavenrun-3df03e25-695f-4b0b-872d-4fc9dca4bd70] INFO  o.eclipse.m2e.core.internal.Bundles - 	Entry: C:\Users\dac.STUDENTSDC\eclipse-jee-2022-06-R-win32-x86_64 (1)\eclipse\plugins\org.eclipse.m2e.maven.runtime_3.9.900.20240824-1409\jars\maven-embedder-3.9.9.jar
2024-12-23 14:32:15,820 [Worker-41: Launching mavenrun-3df03e25-695f-4b0b-872d-4fc9dca4bd70] INFO  o.eclipse.m2e.core.internal.Bundles - 	Entry: C:\Users\dac.STUDENTSDC\eclipse-jee-2022-06-R-win32-x86_64 (1)\eclipse\plugins\org.eclipse.m2e.maven.runtime_3.9.900.20240824-1409\jars\maven-model-3.9.9.jar
2024-12-23 14:32:15,820 [Worker-41: Launching mavenrun-3df03e25-695f-4b0b-872d-4fc9dca4bd70] INFO  o.eclipse.m2e.core.internal.Bundles - 	Entry: C:\Users\dac.STUDENTSDC\eclipse-jee-2022-06-R-win32-x86_64 (1)\eclipse\plugins\org.eclipse.m2e.maven.runtime_3.9.900.20240824-1409\jars\maven-model-builder-3.9.9.jar
2024-12-23 14:32:15,820 [Worker-41: Launching mavenrun-3df03e25-695f-4b0b-872d-4fc9dca4bd70] INFO  o.eclipse.m2e.core.internal.Bundles - 	Entry: C:\Users\dac.STUDENTSDC\eclipse-jee-2022-06-R-win32-x86_64 (1)\eclipse\plugins\org.eclipse.m2e.maven.runtime_3.9.900.20240824-1409\jars\maven-plugin-api-3.9.9.jar
2024-12-23 14:32:15,820 [Worker-41: Launching mavenrun-3df03e25-695f-4b0b-872d-4fc9dca4bd70] INFO  o.eclipse.m2e.core.internal.Bundles - 	Entry: C:\Users\dac.STUDENTSDC\eclipse-jee-2022-06-R-win32-x86_64 (1)\eclipse\plugins\org.eclipse.m2e.maven.runtime_3.9.900.20240824-1409\jars\maven-repository-metadata-3.9.9.jar
2024-12-23 14:32:15,821 [Worker-41: Launching mavenrun-3df03e25-695f-4b0b-872d-4fc9dca4bd70] INFO  o.eclipse.m2e.core.internal.Bundles - 	Entry: C:\Users\dac.STUDENTSDC\eclipse-jee-2022-06-R-win32-x86_64 (1)\eclipse\plugins\org.eclipse.m2e.maven.runtime_3.9.900.20240824-1409\jars\maven-resolver-api-1.9.22.jar
2024-12-23 14:32:15,821 [Worker-41: Launching mavenrun-3df03e25-695f-4b0b-872d-4fc9dca4bd70] INFO  o.eclipse.m2e.core.internal.Bundles - 	Entry: C:\Users\dac.STUDENTSDC\eclipse-jee-2022-06-R-win32-x86_64 (1)\eclipse\plugins\org.eclipse.m2e.maven.runtime_3.9.900.20240824-1409\jars\maven-resolver-connector-basic-1.9.22.jar
2024-12-23 14:32:15,821 [Worker-41: Launching mavenrun-3df03e25-695f-4b0b-872d-4fc9dca4bd70] INFO  o.eclipse.m2e.core.internal.Bundles - 	Entry: C:\Users\dac.STUDENTSDC\eclipse-jee-2022-06-R-win32-x86_64 (1)\eclipse\plugins\org.eclipse.m2e.maven.runtime_3.9.900.20240824-1409\jars\maven-resolver-impl-1.9.22.jar
2024-12-23 14:32:15,821 [Worker-41: Launching mavenrun-3df03e25-695f-4b0b-872d-4fc9dca4bd70] INFO  o.eclipse.m2e.core.internal.Bundles - 	Entry: C:\Users\dac.STUDENTSDC\eclipse-jee-2022-06-R-win32-x86_64 (1)\eclipse\plugins\org.eclipse.m2e.maven.runtime_3.9.900.20240824-1409\jars\maven-resolver-named-locks-1.9.22.jar
2024-12-23 14:32:15,821 [Worker-41: Launching mavenrun-3df03e25-695f-4b0b-872d-4fc9dca4bd70] INFO  o.eclipse.m2e.core.internal.Bundles - 	Entry: C:\Users\dac.STUDENTSDC\eclipse-jee-2022-06-R-win32-x86_64 (1)\eclipse\plugins\org.eclipse.m2e.maven.runtime_3.9.900.20240824-1409\jars\maven-resolver-provider-3.9.9.jar
2024-12-23 14:32:15,822 [Worker-41: Launching mavenrun-3df03e25-695f-4b0b-872d-4fc9dca4bd70] INFO  o.eclipse.m2e.core.internal.Bundles - 	Entry: C:\Users\dac.STUDENTSDC\eclipse-jee-2022-06-R-win32-x86_64 (1)\eclipse\plugins\org.eclipse.m2e.maven.runtime_3.9.900.20240824-1409\jars\maven-resolver-spi-1.9.22.jar
2024-12-23 14:32:15,822 [Worker-41: Launching mavenrun-3df03e25-695f-4b0b-872d-4fc9dca4bd70] INFO  o.eclipse.m2e.core.internal.Bundles - 	Entry: C:\Users\dac.STUDENTSDC\eclipse-jee-2022-06-R-win32-x86_64 (1)\eclipse\plugins\org.eclipse.m2e.maven.runtime_3.9.900.20240824-1409\jars\maven-resolver-transport-file-1.9.22.jar
2024-12-23 14:32:15,822 [Worker-41: Launching mavenrun-3df03e25-695f-4b0b-872d-4fc9dca4bd70] INFO  o.eclipse.m2e.core.internal.Bundles - 	Entry: C:\Users\dac.STUDENTSDC\eclipse-jee-2022-06-R-win32-x86_64 (1)\eclipse\plugins\org.eclipse.m2e.maven.runtime_3.9.900.20240824-1409\jars\maven-resolver-transport-http-1.9.22.jar
2024-12-23 14:32:15,822 [Worker-41: Launching mavenrun-3df03e25-695f-4b0b-872d-4fc9dca4bd70] INFO  o.eclipse.m2e.core.internal.Bundles - 	Entry: C:\Users\dac.STUDENTSDC\eclipse-jee-2022-06-R-win32-x86_64 (1)\eclipse\plugins\org.eclipse.m2e.maven.runtime_3.9.900.20240824-1409\jars\maven-resolver-transport-wagon-1.9.22.jar
2024-12-23 14:32:15,822 [Worker-41: Launching mavenrun-3df03e25-695f-4b0b-872d-4fc9dca4bd70] INFO  o.eclipse.m2e.core.internal.Bundles - 	Entry: C:\Users\dac.STUDENTSDC\eclipse-jee-2022-06-R-win32-x86_64 (1)\eclipse\plugins\org.eclipse.m2e.maven.runtime_3.9.900.20240824-1409\jars\maven-resolver-util-1.9.22.jar
2024-12-23 14:32:15,823 [Worker-41: Launching mavenrun-3df03e25-695f-4b0b-872d-4fc9dca4bd70] INFO  o.eclipse.m2e.core.internal.Bundles - 	Entry: C:\Users\dac.STUDENTSDC\eclipse-jee-2022-06-R-win32-x86_64 (1)\eclipse\plugins\org.eclipse.m2e.maven.runtime_3.9.900.20240824-1409\jars\maven-settings-3.9.9.jar
2024-12-23 14:32:15,823 [Worker-41: Launching mavenrun-3df03e25-695f-4b0b-872d-4fc9dca4bd70] INFO  o.eclipse.m2e.core.internal.Bundles - 	Entry: C:\Users\dac.STUDENTSDC\eclipse-jee-2022-06-R-win32-x86_64 (1)\eclipse\plugins\org.eclipse.m2e.maven.runtime_3.9.900.20240824-1409\jars\maven-settings-builder-3.9.9.jar
2024-12-23 14:32:15,823 [Worker-41: Launching mavenrun-3df03e25-695f-4b0b-872d-4fc9dca4bd70] INFO  o.eclipse.m2e.core.internal.Bundles - 	Entry: C:\Users\dac.STUDENTSDC\eclipse-jee-2022-06-R-win32-x86_64 (1)\eclipse\plugins\org.eclipse.m2e.maven.runtime_3.9.900.20240824-1409\jars\maven-shared-utils-3.4.2.jar
2024-12-23 14:32:15,823 [Worker-41: Launching mavenrun-3df03e25-695f-4b0b-872d-4fc9dca4bd70] INFO  o.eclipse.m2e.core.internal.Bundles - 	Entry: C:\Users\dac.STUDENTSDC\eclipse-jee-2022-06-R-win32-x86_64 (1)\eclipse\plugins\org.eclipse.m2e.maven.runtime_3.9.900.20240824-1409\jars\org.eclipse.sisu.inject-0.9.0.M3.jar
2024-12-23 14:32:15,823 [Worker-41: Launching mavenrun-3df03e25-695f-4b0b-872d-4fc9dca4bd70] INFO  o.eclipse.m2e.core.internal.Bundles - 	Entry: C:\Users\dac.STUDENTSDC\eclipse-jee-2022-06-R-win32-x86_64 (1)\eclipse\plugins\org.eclipse.m2e.maven.runtime_3.9.900.20240824-1409\jars\org.eclipse.sisu.plexus-0.9.0.M3.jar
2024-12-23 14:32:15,823 [Worker-41: Launching mavenrun-3df03e25-695f-4b0b-872d-4fc9dca4bd70] INFO  o.eclipse.m2e.core.internal.Bundles - 	Entry: C:\Users\dac.STUDENTSDC\eclipse-jee-2022-06-R-win32-x86_64 (1)\eclipse\plugins\org.eclipse.m2e.maven.runtime_3.9.900.20240824-1409\jars\plexus-build-api-0.0.7.jar
2024-12-23 14:32:15,823 [Worker-41: Launching mavenrun-3df03e25-695f-4b0b-872d-4fc9dca4bd70] INFO  o.eclipse.m2e.core.internal.Bundles - 	Entry: C:\Users\dac.STUDENTSDC\eclipse-jee-2022-06-R-win32-x86_64 (1)\eclipse\plugins\org.eclipse.m2e.maven.runtime_3.9.900.20240824-1409\jars\plexus-build-api-1.2.0.jar
2024-12-23 14:32:15,823 [Worker-41: Launching mavenrun-3df03e25-695f-4b0b-872d-4fc9dca4bd70] INFO  o.eclipse.m2e.core.internal.Bundles - 	Entry: C:\Users\dac.STUDENTSDC\eclipse-jee-2022-06-R-win32-x86_64 (1)\eclipse\plugins\org.eclipse.m2e.maven.runtime_3.9.900.20240824-1409\jars\plexus-cipher-2.0.jar
2024-12-23 14:32:15,824 [Worker-41: Launching mavenrun-3df03e25-695f-4b0b-872d-4fc9dca4bd70] INFO  o.eclipse.m2e.core.internal.Bundles - 	Entry: C:\Users\dac.STUDENTSDC\eclipse-jee-2022-06-R-win32-x86_64 (1)\eclipse\plugins\org.eclipse.m2e.maven.runtime_3.9.900.20240824-1409\jars\plexus-classworlds-2.8.0.jar
2024-12-23 14:32:15,824 [Worker-41: Launching mavenrun-3df03e25-695f-4b0b-872d-4fc9dca4bd70] INFO  o.eclipse.m2e.core.internal.Bundles - 	Entry: C:\Users\dac.STUDENTSDC\eclipse-jee-2022-06-R-win32-x86_64 (1)\eclipse\plugins\org.eclipse.m2e.maven.runtime_3.9.900.20240824-1409\jars\plexus-component-annotations-2.1.0.jar
2024-12-23 14:32:15,824 [Worker-41: Launching mavenrun-3df03e25-695f-4b0b-872d-4fc9dca4bd70] INFO  o.eclipse.m2e.core.internal.Bundles - 	Entry: C:\Users\dac.STUDENTSDC\eclipse-jee-2022-06-R-win32-x86_64 (1)\eclipse\plugins\org.eclipse.m2e.maven.runtime_3.9.900.20240824-1409\jars\plexus-interpolation-1.27.jar
2024-12-23 14:32:15,824 [Worker-41: Launching mavenrun-3df03e25-695f-4b0b-872d-4fc9dca4bd70] INFO  o.eclipse.m2e.core.internal.Bundles - 	Entry: C:\Users\dac.STUDENTSDC\eclipse-jee-2022-06-R-win32-x86_64 (1)\eclipse\plugins\org.eclipse.m2e.maven.runtime_3.9.900.20240824-1409\jars\plexus-sec-dispatcher-2.0.jar
2024-12-23 14:32:15,825 [Worker-41: Launching mavenrun-3df03e25-695f-4b0b-872d-4fc9dca4bd70] INFO  o.eclipse.m2e.core.internal.Bundles - 	Entry: C:\Users\dac.STUDENTSDC\eclipse-jee-2022-06-R-win32-x86_64 (1)\eclipse\plugins\org.eclipse.m2e.maven.runtime_3.9.900.20240824-1409\jars\plexus-utils-3.5.1.jar
2024-12-23 14:32:15,825 [Worker-41: Launching mavenrun-3df03e25-695f-4b0b-872d-4fc9dca4bd70] INFO  o.eclipse.m2e.core.internal.Bundles - 	Entry: C:\Users\dac.STUDENTSDC\eclipse-jee-2022-06-R-win32-x86_64 (1)\eclipse\plugins\org.eclipse.m2e.maven.runtime_3.9.900.20240824-1409\jars\plexus-xml-3.0.1.jar
2024-12-23 14:32:15,826 [Worker-41: Launching mavenrun-3df03e25-695f-4b0b-872d-4fc9dca4bd70] INFO  o.eclipse.m2e.core.internal.Bundles - 	Entry: C:\Users\dac.STUDENTSDC\eclipse-jee-2022-06-R-win32-x86_64 (1)\eclipse\plugins\org.eclipse.m2e.maven.runtime_3.9.900.20240824-1409\jars\wagon-file-3.5.3.jar
2024-12-23 14:32:15,827 [Worker-41: Launching mavenrun-3df03e25-695f-4b0b-872d-4fc9dca4bd70] INFO  o.eclipse.m2e.core.internal.Bundles - 	Entry: C:\Users\dac.STUDENTSDC\eclipse-jee-2022-06-R-win32-x86_64 (1)\eclipse\plugins\org.eclipse.m2e.maven.runtime_3.9.900.20240824-1409\jars\wagon-http-3.5.3.jar
2024-12-23 14:32:15,828 [Worker-41: Launching mavenrun-3df03e25-695f-4b0b-872d-4fc9dca4bd70] INFO  o.eclipse.m2e.core.internal.Bundles - 	Entry: C:\Users\dac.STUDENTSDC\eclipse-jee-2022-06-R-win32-x86_64 (1)\eclipse\plugins\org.eclipse.m2e.maven.runtime_3.9.900.20240824-1409\jars\wagon-http-shared-3.5.3.jar
2024-12-23 14:32:15,829 [Worker-41: Launching mavenrun-3df03e25-695f-4b0b-872d-4fc9dca4bd70] INFO  o.eclipse.m2e.core.internal.Bundles - 	Entry: C:\Users\dac.STUDENTSDC\eclipse-jee-2022-06-R-win32-x86_64 (1)\eclipse\plugins\org.eclipse.m2e.maven.runtime_3.9.900.20240824-1409\jars\wagon-provider-api-3.5.3.jar
2024-12-23 14:32:15,830 [Worker-41: Launching mavenrun-3df03e25-695f-4b0b-872d-4fc9dca4bd70] INFO  o.eclipse.m2e.core.internal.Bundles - getClasspathEntries(Bundle=com.google.guava_33.3.1.jre [990])
2024-12-23 14:32:15,832 [Worker-41: Launching mavenrun-3df03e25-695f-4b0b-872d-4fc9dca4bd70] INFO  o.eclipse.m2e.core.internal.Bundles - 	Entry: C:\Users\dac.STUDENTSDC\eclipse-jee-2022-06-R-win32-x86_64 (1)\eclipse\plugins\com.google.guava_33.3.1.jre.jar
2024-12-23 14:32:15,833 [Worker-41: Launching mavenrun-3df03e25-695f-4b0b-872d-4fc9dca4bd70] INFO  o.eclipse.m2e.core.internal.Bundles - getClasspathEntries(Bundle=slf4j.api_2.0.16 [1745])
2024-12-23 14:32:15,834 [Worker-41: Launching mavenrun-3df03e25-695f-4b0b-872d-4fc9dca4bd70] INFO  o.eclipse.m2e.core.internal.Bundles - 	Entry: C:\Users\dac.STUDENTSDC\eclipse-jee-2022-06-R-win32-x86_64 (1)\eclipse\plugins\slf4j.api_2.0.16.jar
2024-12-23 14:32:15,835 [Worker-41: Launching mavenrun-3df03e25-695f-4b0b-872d-4fc9dca4bd70] INFO  o.eclipse.m2e.core.internal.Bundles - getClasspathEntries(Bundle=javax.inject_1.0.0.v20220405-0441 [30])
2024-12-23 14:32:15,836 [Worker-41: Launching mavenrun-3df03e25-695f-4b0b-872d-4fc9dca4bd70] INFO  o.eclipse.m2e.core.internal.Bundles - 	Entry: C:\Users\dac.STUDENTSDC\eclipse-jee-2022-06-R-win32-x86_64 (1)\eclipse\plugins\javax.inject_1.0.0.v20220405-0441.jar
2024-12-23 14:32:15,836 [Worker-41: Launching mavenrun-3df03e25-695f-4b0b-872d-4fc9dca4bd70] INFO  o.eclipse.m2e.core.internal.Bundles - getClasspathEntries(Bundle=javax.annotation_1.3.5.v20230504-0748 [1003])
2024-12-23 14:32:15,837 [Worker-41: Launching mavenrun-3df03e25-695f-4b0b-872d-4fc9dca4bd70] INFO  o.eclipse.m2e.core.internal.Bundles - 	Entry: C:\Users\dac.STUDENTSDC\eclipse-jee-2022-06-R-win32-x86_64 (1)\eclipse\plugins\javax.annotation_1.3.5.v20230504-0748.jar
2024-12-23 14:32:15,837 [Worker-41: Launching mavenrun-3df03e25-695f-4b0b-872d-4fc9dca4bd70] INFO  o.eclipse.m2e.core.internal.Bundles - getClasspathEntries(Bundle=org.apache.commons.cli_1.9.0 [1026])
2024-12-23 14:32:15,838 [Worker-41: Launching mavenrun-3df03e25-695f-4b0b-872d-4fc9dca4bd70] INFO  o.eclipse.m2e.core.internal.Bundles - 	Entry: C:\Users\dac.STUDENTSDC\eclipse-jee-2022-06-R-win32-x86_64 (1)\eclipse\plugins\org.apache.commons.cli_1.9.0.jar
2024-12-23 14:32:15,838 [Worker-41: Launching mavenrun-3df03e25-695f-4b0b-872d-4fc9dca4bd70] INFO  o.eclipse.m2e.core.internal.Bundles - getClasspathEntries(Bundle=org.apache.commons.commons-codec_1.16.0 [906])
2024-12-23 14:32:15,839 [Worker-41: Launching mavenrun-3df03e25-695f-4b0b-872d-4fc9dca4bd70] INFO  o.eclipse.m2e.core.internal.Bundles - 	Entry: C:\Users\dac.STUDENTSDC\eclipse-jee-2022-06-R-win32-x86_64 (1)\eclipse\plugins\org.apache.commons.commons-codec_1.16.0.jar
2024-12-23 14:32:15,839 [Worker-41: Launching mavenrun-3df03e25-695f-4b0b-872d-4fc9dca4bd70] INFO  o.eclipse.m2e.core.internal.Bundles - getClasspathEntries(Bundle=com.google.guava.failureaccess_1.0.2 [991])
2024-12-23 14:32:15,840 [Worker-41: Launching mavenrun-3df03e25-695f-4b0b-872d-4fc9dca4bd70] INFO  o.eclipse.m2e.core.internal.Bundles - 	Entry: C:\Users\dac.STUDENTSDC\eclipse-jee-2022-06-R-win32-x86_64 (1)\eclipse\plugins\com.google.guava.failureaccess_1.0.2.jar
2024-12-23 14:32:15,843 [Worker-41: Launching mavenrun-3df03e25-695f-4b0b-872d-4fc9dca4bd70] INFO  o.e.m.i.launch.MavenLaunchDelegate - Run build in "C:\Users\DAC~1.STU\AppData\Local\Temp\m2e-archetypeGenerator13389293326246004247":
2024-12-23 14:32:15,843 [Worker-41: Launching mavenrun-3df03e25-695f-4b0b-872d-4fc9dca4bd70] INFO  o.e.m.i.launch.MavenLaunchDelegate -  mvn  -DarchetypeGroupId=org.apache.maven.archetypes -DarchetypeArtifactId=maven-archetype-webapp -DarchetypeVersion=1.0 -DgroupId=fi.com -DartifactId=SpringMVC1 -Dversion=0.0.1-SNAPSHOT -Dpackage=fi.com.SpringMVC1 -DoutputDirectory=C:\Users\dac.STUDENTSDC\Desktop\Tejas\J2EE\Spring -B -Dstyle.color=always -U archetype:generate
2024-12-23 14:32:25,587 [Worker-37: Creating maven-archetype-webapp] INFO  o.e.m.c.i.p.ProjectConfigurationManager - Collecting project info '/pom.xml' C:\Users\dac.STUDENTSDC\Desktop\Tejas\J2EE\Spring\SpringMVC1\pom.xml
2024-12-23 14:32:25,629 [Worker-37: Creating maven-archetype-webapp] INFO  o.e.m.c.i.l.LifecycleMappingFactory - Using org.maven.ide.eclipse.wtp.WarLifecycleMapping lifecycle mapping for MavenProject: fi.com:SpringMVC1:0.0.1-SNAPSHOT @ C:\Users\dac.STUDENTSDC\Desktop\Tejas\J2EE\Spring\SpringMVC1\pom.xml.
2024-12-23 14:32:25,661 [Worker-37: Creating maven-archetype-webapp] INFO  o.e.m.j.i.AbstractJavaProjectConfigurator - Adding source folder /SpringMVC1/src/main/java
2024-12-23 14:32:25,662 [Worker-37: Creating maven-archetype-webapp] INFO  o.e.m.j.i.AbstractJavaProjectConfigurator - Adding resource folder /SpringMVC1/src/main/resources
2024-12-23 14:32:25,662 [Worker-37: Creating maven-archetype-webapp] INFO  o.e.m.j.i.AbstractJavaProjectConfigurator - Adding source folder /SpringMVC1/src/test/java
2024-12-23 14:32:25,663 [Worker-37: Creating maven-archetype-webapp] INFO  o.e.m.j.i.AbstractJavaProjectConfigurator - Adding resource folder /SpringMVC1/src/test/resources
2024-12-23 14:32:25,953 [Worker-37: Creating maven-archetype-webapp] INFO  o.e.m.c.i.p.ProjectConfigurationManager - Imported and configured 1 project(s) in 0 sec
2024-12-23 14:32:26,116 [Worker-42: Building] WARN  o.a.m.s.f.DefaultMavenResourcesFiltering - Using platform encoding (UTF-8 actually) to copy filtered resources, i.e. build is platform dependent!
2024-12-23 14:32:26,117 [Worker-42: Building] INFO  o.a.m.s.f.DefaultMavenResourcesFiltering - Copying 0 resource from src\main\resources to target\classes
2024-12-23 14:32:26,119 [Worker-42: Building] WARN  o.a.m.s.f.DefaultMavenResourcesFiltering - Using platform encoding (UTF-8 actually) to copy filtered resources, i.e. build is platform dependent!
2024-12-23 14:32:26,119 [Worker-42: Building] INFO  o.a.m.s.f.DefaultMavenResourcesFiltering - skip non existing resourceDirectory C:\Users\dac.STUDENTSDC\Desktop\Tejas\J2EE\Spring\SpringMVC1\src\test\resources
2024-12-23 14:32:27,190 [Worker-42: Building] WARN  o.a.m.s.f.DefaultMavenResourcesFiltering - Using platform encoding (UTF-8 actually) to copy filtered resources, i.e. build is platform dependent!
2024-12-23 14:32:27,191 [Worker-42: Building] INFO  o.a.m.s.f.DefaultMavenResourcesFiltering - Copying 0 resource from src\main\resources to target\classes
2024-12-23 14:32:27,192 [Worker-42: Building] WARN  o.a.m.s.f.DefaultMavenResourcesFiltering - Using platform encoding (UTF-8 actually) to copy filtered resources, i.e. build is platform dependent!
2024-12-23 14:32:27,193 [Worker-42: Building] INFO  o.a.m.s.f.DefaultMavenResourcesFiltering - skip non existing resourceDirectory C:\Users\dac.STUDENTSDC\Desktop\Tejas\J2EE\Spring\SpringMVC1\src\test\resources
2024-12-23 14:46:39,587 [Worker-43: Building] WARN  o.a.m.s.f.DefaultMavenResourcesFiltering - Using platform encoding (UTF-8 actually) to copy filtered resources, i.e. build is platform dependent!
2024-12-23 14:46:39,588 [Worker-43: Building] INFO  o.a.m.s.f.DefaultMavenResourcesFiltering - Copying 3 resources from src\main\resources to target\classes
2024-12-23 14:46:39,590 [Worker-43: Building] WARN  o.a.m.s.f.DefaultMavenResourcesFiltering - Using platform encoding (UTF-8 actually) to copy filtered resources, i.e. build is platform dependent!
2024-12-23 14:46:39,591 [Worker-43: Building] INFO  o.a.m.s.f.DefaultMavenResourcesFiltering - skip non existing resourceDirectory C:\Users\dac.STUDENTSDC\Desktop\Tejas\J2EE\Spring\springmvc\src\test\resources
2024-12-23 14:46:42,018 [Worker-43: Building] INFO  o.e.m.c.i.l.LifecycleMappingFactory - Using org.maven.ide.eclipse.wtp.WarLifecycleMapping lifecycle mapping for MavenProject: fi:springmvc:0.0.1-SNAPSHOT @ C:\Users\dac.STUDENTSDC\Desktop\Tejas\J2EE\Spring\springmvc\pom.xml.
2024-12-23 14:46:42,128 [Worker-43: Building] INFO  o.e.m.c.i.e.AbstractTransferListenerAdapter - Downloading https://repo.maven.apache.org/maven2/org/springframework/spring-core/6.2.1/spring-core-6.2.1.pom
2024-12-23 14:46:42,139 [Worker-43: Building] INFO  o.e.m.c.i.e.AbstractTransferListenerAdapter - Downloaded https://repo.maven.apache.org/maven2/org/springframework/spring-core/6.2.1/spring-core-6.2.1.pom
2024-12-23 14:46:42,157 [Worker-43: Building] INFO  o.e.m.c.i.e.AbstractTransferListenerAdapter - Downloading https://repo.maven.apache.org/maven2/org/springframework/spring-jcl/6.2.1/spring-jcl-6.2.1.pom
2024-12-23 14:46:42,164 [Worker-43: Building] INFO  o.e.m.c.i.e.AbstractTransferListenerAdapter - Downloaded https://repo.maven.apache.org/maven2/org/springframework/spring-jcl/6.2.1/spring-jcl-6.2.1.pom
2024-12-23 14:46:42,179 [Worker-43: Building] INFO  o.e.m.c.i.e.AbstractTransferListenerAdapter - Downloading https://repo.maven.apache.org/maven2/org/springframework/spring-context/6.2.1/spring-context-6.2.1.pom
2024-12-23 14:46:42,183 [Worker-43: Building] INFO  o.e.m.c.i.e.AbstractTransferListenerAdapter - Downloaded https://repo.maven.apache.org/maven2/org/springframework/spring-context/6.2.1/spring-context-6.2.1.pom
2024-12-23 14:46:42,201 [Worker-43: Building] INFO  o.e.m.c.i.e.AbstractTransferListenerAdapter - Downloading https://repo.maven.apache.org/maven2/org/springframework/spring-aop/6.2.1/spring-aop-6.2.1.pom
2024-12-23 14:46:42,206 [Worker-43: Building] INFO  o.e.m.c.i.e.AbstractTransferListenerAdapter - Downloaded https://repo.maven.apache.org/maven2/org/springframework/spring-aop/6.2.1/spring-aop-6.2.1.pom
2024-12-23 14:46:42,225 [Worker-43: Building] INFO  o.e.m.c.i.e.AbstractTransferListenerAdapter - Downloading https://repo.maven.apache.org/maven2/org/springframework/spring-beans/6.2.1/spring-beans-6.2.1.pom
2024-12-23 14:46:42,230 [Worker-43: Building] INFO  o.e.m.c.i.e.AbstractTransferListenerAdapter - Downloaded https://repo.maven.apache.org/maven2/org/springframework/spring-beans/6.2.1/spring-beans-6.2.1.pom
2024-12-23 14:46:42,246 [Worker-43: Building] INFO  o.e.m.c.i.e.AbstractTransferListenerAdapter - Downloading https://repo.maven.apache.org/maven2/org/springframework/spring-expression/6.2.1/spring-expression-6.2.1.pom
2024-12-23 14:46:42,250 [Worker-43: Building] INFO  o.e.m.c.i.e.AbstractTransferListenerAdapter - Downloaded https://repo.maven.apache.org/maven2/org/springframework/spring-expression/6.2.1/spring-expression-6.2.1.pom
2024-12-23 14:46:42,271 [Worker-43: Building] INFO  o.e.m.c.i.e.AbstractTransferListenerAdapter - Downloading https://repo.maven.apache.org/maven2/io/micrometer/micrometer-observation/1.14.2/micrometer-observation-1.14.2.pom
2024-12-23 14:46:42,276 [Worker-43: Building] INFO  o.e.m.c.i.e.AbstractTransferListenerAdapter - Downloaded https://repo.maven.apache.org/maven2/io/micrometer/micrometer-observation/1.14.2/micrometer-observation-1.14.2.pom
2024-12-23 14:46:42,292 [Worker-43: Building] INFO  o.e.m.c.i.e.AbstractTransferListenerAdapter - Downloading https://repo.maven.apache.org/maven2/io/micrometer/micrometer-commons/1.14.2/micrometer-commons-1.14.2.pom
2024-12-23 14:46:42,297 [Worker-43: Building] INFO  o.e.m.c.i.e.AbstractTransferListenerAdapter - Downloaded https://repo.maven.apache.org/maven2/io/micrometer/micrometer-commons/1.14.2/micrometer-commons-1.14.2.pom
2024-12-23 14:46:42,312 [Worker-43: Building] INFO  o.e.m.c.i.e.AbstractTransferListenerAdapter - Downloading https://repo.maven.apache.org/maven2/org/springframework/spring-web/6.2.1/spring-web-6.2.1.pom
2024-12-23 14:46:42,316 [Worker-43: Building] INFO  o.e.m.c.i.e.AbstractTransferListenerAdapter - Downloaded https://repo.maven.apache.org/maven2/org/springframework/spring-web/6.2.1/spring-web-6.2.1.pom
2024-12-23 14:46:42,332 [Worker-43: Building] INFO  o.e.m.c.i.e.AbstractTransferListenerAdapter - Downloading https://repo.maven.apache.org/maven2/org/springframework/spring-webmvc/6.2.1/spring-webmvc-6.2.1.pom
2024-12-23 14:46:42,334 [Worker-43: Building] INFO  o.e.m.c.i.e.AbstractTransferListenerAdapter - Downloaded https://repo.maven.apache.org/maven2/org/springframework/spring-webmvc/6.2.1/spring-webmvc-6.2.1.pom
2024-12-23 14:46:42,370 [Worker-43: Building] INFO  o.e.m.c.i.e.AbstractTransferListenerAdapter - Downloading https://repo.maven.apache.org/maven2/org/springframework/spring-core/6.2.1/spring-core-6.2.1.jar
2024-12-23 14:46:42,491 [Worker-43: Building] INFO  o.e.m.c.i.e.AbstractTransferListenerAdapter - Downloaded https://repo.maven.apache.org/maven2/org/springframework/spring-core/6.2.1/spring-core-6.2.1.jar
2024-12-23 14:46:42,500 [BasicRepositoryConnector-repo.maven.apache.org-0-1] INFO  o.e.m.c.i.e.AbstractTransferListenerAdapter - Downloading https://repo.maven.apache.org/maven2/org/springframework/spring-context/6.2.1/spring-context-6.2.1.jar
2024-12-23 14:46:42,569 [BasicRepositoryConnector-repo.maven.apache.org-0-1] INFO  o.e.m.c.i.e.AbstractTransferListenerAdapter - Downloaded https://repo.maven.apache.org/maven2/org/springframework/spring-context/6.2.1/spring-context-6.2.1.jar
2024-12-23 14:46:42,573 [BasicRepositoryConnector-repo.maven.apache.org-0-3] INFO  o.e.m.c.i.e.AbstractTransferListenerAdapter - Downloading https://repo.maven.apache.org/maven2/org/springframework/spring-expression/6.2.1/spring-expression-6.2.1.jar
2024-12-23 14:46:42,574 [BasicRepositoryConnector-repo.maven.apache.org-0-0] INFO  o.e.m.c.i.e.AbstractTransferListenerAdapter - Downloading https://repo.maven.apache.org/maven2/org/springframework/spring-jcl/6.2.1/spring-jcl-6.2.1.jar
2024-12-23 14:46:42,575 [BasicRepositoryConnector-repo.maven.apache.org-0-2] INFO  o.e.m.c.i.e.AbstractTransferListenerAdapter - Downloading https://repo.maven.apache.org/maven2/org/springframework/spring-aop/6.2.1/spring-aop-6.2.1.jar
2024-12-23 14:46:42,581 [BasicRepositoryConnector-repo.maven.apache.org-0-4] INFO  o.e.m.c.i.e.AbstractTransferListenerAdapter - Downloading https://repo.maven.apache.org/maven2/io/micrometer/micrometer-observation/1.14.2/micrometer-observation-1.14.2.jar
2024-12-23 14:46:42,584 [BasicRepositoryConnector-repo.maven.apache.org-0-1] INFO  o.e.m.c.i.e.AbstractTransferListenerAdapter - Downloading https://repo.maven.apache.org/maven2/io/micrometer/micrometer-commons/1.14.2/micrometer-commons-1.14.2.jar
2024-12-23 14:46:42,585 [BasicRepositoryConnector-repo.maven.apache.org-0-0] INFO  o.e.m.c.i.e.AbstractTransferListenerAdapter - Downloaded https://repo.maven.apache.org/maven2/org/springframework/spring-jcl/6.2.1/spring-jcl-6.2.1.jar
2024-12-23 14:46:42,588 [BasicRepositoryConnector-repo.maven.apache.org-0-1] INFO  o.e.m.c.i.e.AbstractTransferListenerAdapter - Downloaded https://repo.maven.apache.org/maven2/io/micrometer/micrometer-commons/1.14.2/micrometer-commons-1.14.2.jar
2024-12-23 14:46:42,599 [BasicRepositoryConnector-repo.maven.apache.org-0-0] INFO  o.e.m.c.i.e.AbstractTransferListenerAdapter - Downloading https://repo.maven.apache.org/maven2/org/springframework/spring-beans/6.2.1/spring-beans-6.2.1.jar
2024-12-23 14:46:42,606 [BasicRepositoryConnector-repo.maven.apache.org-0-1] INFO  o.e.m.c.i.e.AbstractTransferListenerAdapter - Downloading https://repo.maven.apache.org/maven2/org/springframework/spring-web/6.2.1/spring-web-6.2.1.jar
2024-12-23 14:46:42,608 [BasicRepositoryConnector-repo.maven.apache.org-0-4] INFO  o.e.m.c.i.e.AbstractTransferListenerAdapter - Downloaded https://repo.maven.apache.org/maven2/io/micrometer/micrometer-observation/1.14.2/micrometer-observation-1.14.2.jar
2024-12-23 14:46:42,641 [BasicRepositoryConnector-repo.maven.apache.org-0-4] INFO  o.e.m.c.i.e.AbstractTransferListenerAdapter - Downloading https://repo.maven.apache.org/maven2/org/springframework/spring-webmvc/6.2.1/spring-webmvc-6.2.1.jar
2024-12-23 14:46:42,664 [BasicRepositoryConnector-repo.maven.apache.org-0-2] INFO  o.e.m.c.i.e.AbstractTransferListenerAdapter - Downloaded https://repo.maven.apache.org/maven2/org/springframework/spring-aop/6.2.1/spring-aop-6.2.1.jar
2024-12-23 14:46:42,664 [BasicRepositoryConnector-repo.maven.apache.org-0-0] INFO  o.e.m.c.i.e.AbstractTransferListenerAdapter - Downloaded https://repo.maven.apache.org/maven2/org/springframework/spring-beans/6.2.1/spring-beans-6.2.1.jar
2024-12-23 14:46:42,669 [BasicRepositoryConnector-repo.maven.apache.org-0-3] INFO  o.e.m.c.i.e.AbstractTransferListenerAdapter - Downloaded https://repo.maven.apache.org/maven2/org/springframework/spring-expression/6.2.1/spring-expression-6.2.1.jar
2024-12-23 14:46:42,769 [BasicRepositoryConnector-repo.maven.apache.org-0-4] INFO  o.e.m.c.i.e.AbstractTransferListenerAdapter - Downloaded https://repo.maven.apache.org/maven2/org/springframework/spring-webmvc/6.2.1/spring-webmvc-6.2.1.jar
2024-12-23 14:46:42,841 [BasicRepositoryConnector-repo.maven.apache.org-0-1] INFO  o.e.m.c.i.e.AbstractTransferListenerAdapter - Downloaded https://repo.maven.apache.org/maven2/org/springframework/spring-web/6.2.1/spring-web-6.2.1.jar
2024-12-23 14:46:42,979 [Worker-43: Building] WARN  o.a.m.s.f.DefaultMavenResourcesFiltering - Using platform encoding (UTF-8 actually) to copy filtered resources, i.e. build is platform dependent!
2024-12-23 14:46:42,980 [Worker-43: Building] INFO  o.a.m.s.f.DefaultMavenResourcesFiltering - Copying 0 resource from src\main\resources to target\classes
2024-12-23 14:46:42,982 [Worker-43: Building] WARN  o.a.m.s.f.DefaultMavenResourcesFiltering - Using platform encoding (UTF-8 actually) to copy filtered resources, i.e. build is platform dependent!
2024-12-23 14:46:42,983 [Worker-43: Building] INFO  o.a.m.s.f.DefaultMavenResourcesFiltering - skip non existing resourceDirectory C:\Users\dac.STUDENTSDC\Desktop\Tejas\J2EE\Spring\springmvc\src\test\resources
2024-12-23 14:46:42,983 [Worker-43: Building] INFO  o.e.m.w.i.f.ResourceFilteringBuildParticipant - Changed resources require a complete clean of filtered resources of springmvc
2024-12-23 14:46:42,984 [Worker-43: Building] INFO  o.e.m.w.i.f.ResourceFilteringBuildParticipant - Executing resource filtering for springmvc
2024-12-23 14:46:44,029 [Worker-49: Download sources and javadoc] INFO  o.e.m.c.i.e.AbstractTransferListenerAdapter - Downloading https://repo.maven.apache.org/maven2/org/springframework/spring-core/6.2.1/spring-core-6.2.1-sources.jar
2024-12-23 14:46:44,135 [Worker-49: Download sources and javadoc] INFO  o.e.m.c.i.e.AbstractTransferListenerAdapter - Downloaded https://repo.maven.apache.org/maven2/org/springframework/spring-core/6.2.1/spring-core-6.2.1-sources.jar
2024-12-23 14:46:44,142 [Worker-49: Download sources and javadoc] INFO  o.e.m.j.internal.DownloadSourcesJob - Downloaded sources for org.springframework:spring-core:6.2.1
2024-12-23 14:46:44,197 [Worker-49: Download sources and javadoc] INFO  o.e.m.c.i.e.AbstractTransferListenerAdapter - Downloading https://repo.maven.apache.org/maven2/org/springframework/spring-jcl/6.2.1/spring-jcl-6.2.1-sources.jar
2024-12-23 14:46:44,202 [Worker-49: Download sources and javadoc] INFO  o.e.m.c.i.e.AbstractTransferListenerAdapter - Downloaded https://repo.maven.apache.org/maven2/org/springframework/spring-jcl/6.2.1/spring-jcl-6.2.1-sources.jar
2024-12-23 14:46:44,209 [Worker-50: Building] WARN  o.a.m.s.f.DefaultMavenResourcesFiltering - Using platform encoding (UTF-8 actually) to copy filtered resources, i.e. build is platform dependent!
2024-12-23 14:46:44,209 [Worker-49: Download sources and javadoc] INFO  o.e.m.j.internal.DownloadSourcesJob - Downloaded sources for org.springframework:spring-jcl:6.2.1
2024-12-23 14:46:44,210 [Worker-50: Building] INFO  o.a.m.s.f.DefaultMavenResourcesFiltering - Copying 3 resources from src\main\resources to target\classes
2024-12-23 14:46:44,218 [Worker-50: Building] WARN  o.a.m.s.f.DefaultMavenResourcesFiltering - Using platform encoding (UTF-8 actually) to copy filtered resources, i.e. build is platform dependent!
2024-12-23 14:46:44,219 [Worker-50: Building] INFO  o.a.m.s.f.DefaultMavenResourcesFiltering - skip non existing resourceDirectory C:\Users\dac.STUDENTSDC\Desktop\Tejas\J2EE\Spring\springmvc\src\test\resources
2024-12-23 14:46:44,265 [Worker-49: Download sources and javadoc] INFO  o.e.m.c.i.e.AbstractTransferListenerAdapter - Downloading https://repo.maven.apache.org/maven2/org/springframework/spring-context/6.2.1/spring-context-6.2.1-sources.jar
2024-12-23 14:46:44,366 [Worker-49: Download sources and javadoc] INFO  o.e.m.c.i.e.AbstractTransferListenerAdapter - Downloaded https://repo.maven.apache.org/maven2/org/springframework/spring-context/6.2.1/spring-context-6.2.1-sources.jar
2024-12-23 14:46:44,372 [Worker-49: Download sources and javadoc] INFO  o.e.m.j.internal.DownloadSourcesJob - Downloaded sources for org.springframework:spring-context:6.2.1
2024-12-23 14:46:44,412 [Worker-49: Download sources and javadoc] INFO  o.e.m.c.i.e.AbstractTransferListenerAdapter - Downloading https://repo.maven.apache.org/maven2/org/springframework/spring-aop/6.2.1/spring-aop-6.2.1-sources.jar
2024-12-23 14:46:44,461 [Worker-49: Download sources and javadoc] INFO  o.e.m.c.i.e.AbstractTransferListenerAdapter - Downloaded https://repo.maven.apache.org/maven2/org/springframework/spring-aop/6.2.1/spring-aop-6.2.1-sources.jar
2024-12-23 14:46:44,464 [Worker-49: Download sources and javadoc] INFO  o.e.m.j.internal.DownloadSourcesJob - Downloaded sources for org.springframework:spring-aop:6.2.1
2024-12-23 14:46:44,494 [Worker-49: Download sources and javadoc] INFO  o.e.m.c.i.e.AbstractTransferListenerAdapter - Downloading https://repo.maven.apache.org/maven2/org/springframework/spring-expression/6.2.1/spring-expression-6.2.1-sources.jar
2024-12-23 14:46:44,533 [Worker-49: Download sources and javadoc] INFO  o.e.m.c.i.e.AbstractTransferListenerAdapter - Downloaded https://repo.maven.apache.org/maven2/org/springframework/spring-expression/6.2.1/spring-expression-6.2.1-sources.jar
2024-12-23 14:46:44,536 [Worker-49: Download sources and javadoc] INFO  o.e.m.j.internal.DownloadSourcesJob - Downloaded sources for org.springframework:spring-expression:6.2.1
2024-12-23 14:46:44,573 [Worker-49: Download sources and javadoc] INFO  o.e.m.c.i.e.AbstractTransferListenerAdapter - Downloading https://repo.maven.apache.org/maven2/io/micrometer/micrometer-observation/1.14.2/micrometer-observation-1.14.2-sources.jar
2024-12-23 14:46:44,584 [Worker-49: Download sources and javadoc] INFO  o.e.m.c.i.e.AbstractTransferListenerAdapter - Downloaded https://repo.maven.apache.org/maven2/io/micrometer/micrometer-observation/1.14.2/micrometer-observation-1.14.2-sources.jar
2024-12-23 14:46:44,588 [Worker-49: Download sources and javadoc] INFO  o.e.m.j.internal.DownloadSourcesJob - Downloaded sources for io.micrometer:micrometer-observation:1.14.2
2024-12-23 14:46:44,625 [Worker-49: Download sources and javadoc] INFO  o.e.m.c.i.e.AbstractTransferListenerAdapter - Downloading https://repo.maven.apache.org/maven2/io/micrometer/micrometer-commons/1.14.2/micrometer-commons-1.14.2-sources.jar
2024-12-23 14:46:44,634 [Worker-49: Download sources and javadoc] INFO  o.e.m.c.i.e.AbstractTransferListenerAdapter - Downloaded https://repo.maven.apache.org/maven2/io/micrometer/micrometer-commons/1.14.2/micrometer-commons-1.14.2-sources.jar
2024-12-23 14:46:44,637 [Worker-49: Download sources and javadoc] INFO  o.e.m.j.internal.DownloadSourcesJob - Downloaded sources for io.micrometer:micrometer-commons:1.14.2
2024-12-23 14:46:44,682 [Worker-49: Download sources and javadoc] INFO  o.e.m.c.i.e.AbstractTransferListenerAdapter - Downloading https://repo.maven.apache.org/maven2/org/springframework/spring-beans/6.2.1/spring-beans-6.2.1-sources.jar
2024-12-23 14:46:44,763 [Worker-49: Download sources and javadoc] INFO  o.e.m.c.i.e.AbstractTransferListenerAdapter - Downloaded https://repo.maven.apache.org/maven2/org/springframework/spring-beans/6.2.1/spring-beans-6.2.1-sources.jar
2024-12-23 14:46:44,766 [Worker-49: Download sources and javadoc] INFO  o.e.m.j.internal.DownloadSourcesJob - Downloaded sources for org.springframework:spring-beans:6.2.1
2024-12-23 14:46:44,808 [Worker-49: Download sources and javadoc] INFO  o.e.m.c.i.e.AbstractTransferListenerAdapter - Downloading https://repo.maven.apache.org/maven2/org/springframework/spring-web/6.2.1/spring-web-6.2.1-sources.jar
2024-12-23 14:46:44,897 [Worker-49: Download sources and javadoc] INFO  o.e.m.c.i.e.AbstractTransferListenerAdapter - Downloaded https://repo.maven.apache.org/maven2/org/springframework/spring-web/6.2.1/spring-web-6.2.1-sources.jar
2024-12-23 14:46:44,899 [Worker-49: Download sources and javadoc] INFO  o.e.m.j.internal.DownloadSourcesJob - Downloaded sources for org.springframework:spring-web:6.2.1
2024-12-23 14:46:44,935 [Worker-49: Download sources and javadoc] INFO  o.e.m.c.i.e.AbstractTransferListenerAdapter - Downloading https://repo.maven.apache.org/maven2/org/springframework/spring-webmvc/6.2.1/spring-webmvc-6.2.1-sources.jar
2024-12-23 14:46:45,000 [Worker-49: Download sources and javadoc] INFO  o.e.m.c.i.e.AbstractTransferListenerAdapter - Downloaded https://repo.maven.apache.org/maven2/org/springframework/spring-webmvc/6.2.1/spring-webmvc-6.2.1-sources.jar
2024-12-23 14:46:45,003 [Worker-49: Download sources and javadoc] INFO  o.e.m.j.internal.DownloadSourcesJob - Downloaded sources for org.springframework:spring-webmvc:6.2.1
2024-12-23 14:51:25,121 [Worker-44: Building] WARN  o.a.m.s.f.DefaultMavenResourcesFiltering - Using platform encoding (UTF-8 actually) to copy filtered resources, i.e. build is platform dependent!
2024-12-23 14:51:25,122 [Worker-44: Building] INFO  o.a.m.s.f.DefaultMavenResourcesFiltering - Copying 3 resources from src\main\resources to target\classes
2024-12-23 14:51:25,125 [Worker-44: Building] WARN  o.a.m.s.f.DefaultMavenResourcesFiltering - Using platform encoding (UTF-8 actually) to copy filtered resources, i.e. build is platform dependent!
2024-12-23 14:51:25,125 [Worker-44: Building] INFO  o.a.m.s.f.DefaultMavenResourcesFiltering - skip non existing resourceDirectory C:\Users\dac.STUDENTSDC\Desktop\Tejas\J2EE\Spring\springmvc\src\test\resources
2024-12-23 14:53:45,064 [Worker-48: Building] WARN  o.a.m.s.f.DefaultMavenResourcesFiltering - Using platform encoding (UTF-8 actually) to copy filtered resources, i.e. build is platform dependent!
2024-12-23 14:53:45,066 [Worker-48: Building] INFO  o.a.m.s.f.DefaultMavenResourcesFiltering - Copying 1 resource from src\main\resources to target\classes
2024-12-23 14:53:45,079 [Worker-48: Building] WARN  o.a.m.s.f.DefaultMavenResourcesFiltering - Using platform encoding (UTF-8 actually) to copy filtered resources, i.e. build is platform dependent!
2024-12-23 14:53:45,080 [Worker-48: Building] INFO  o.a.m.s.f.DefaultMavenResourcesFiltering - skip non existing resourceDirectory C:\Users\dac.STUDENTSDC\Desktop\Tejas\J2EE\Spring\springmvc\src\test\resources
2024-12-23 14:53:54,718 [Worker-52: Building] WARN  o.a.m.s.f.DefaultMavenResourcesFiltering - Using platform encoding (UTF-8 actually) to copy filtered resources, i.e. build is platform dependent!
2024-12-23 14:53:54,719 [Worker-52: Building] INFO  o.a.m.s.f.DefaultMavenResourcesFiltering - Copying 1 resource from src\main\resources to target\classes
2024-12-23 14:53:54,733 [Worker-52: Building] WARN  o.a.m.s.f.DefaultMavenResourcesFiltering - Using platform encoding (UTF-8 actually) to copy filtered resources, i.e. build is platform dependent!
2024-12-23 14:53:54,735 [Worker-52: Building] INFO  o.a.m.s.f.DefaultMavenResourcesFiltering - skip non existing resourceDirectory C:\Users\dac.STUDENTSDC\Desktop\Tejas\J2EE\Spring\springmvc\src\test\resources
2024-12-23 14:54:07,885 [Worker-53: Building] WARN  o.a.m.s.f.DefaultMavenResourcesFiltering - Using platform encoding (UTF-8 actually) to copy filtered resources, i.e. build is platform dependent!
2024-12-23 14:54:07,890 [Worker-53: Building] INFO  o.a.m.s.f.DefaultMavenResourcesFiltering - Copying 1 resource from src\main\resources to target\classes
2024-12-23 14:54:07,899 [Worker-53: Building] WARN  o.a.m.s.f.DefaultMavenResourcesFiltering - Using platform encoding (UTF-8 actually) to copy filtered resources, i.e. build is platform dependent!
2024-12-23 14:54:07,900 [Worker-53: Building] INFO  o.a.m.s.f.DefaultMavenResourcesFiltering - skip non existing resourceDirectory C:\Users\dac.STUDENTSDC\Desktop\Tejas\J2EE\Spring\springmvc\src\test\resources
2024-12-23 14:54:14,527 [Worker-52: Building] WARN  o.a.m.s.f.DefaultMavenResourcesFiltering - Using platform encoding (UTF-8 actually) to copy filtered resources, i.e. build is platform dependent!
2024-12-23 14:54:14,529 [Worker-52: Building] INFO  o.a.m.s.f.DefaultMavenResourcesFiltering - Copying 1 resource from src\main\resources to target\classes
2024-12-23 14:54:14,538 [Worker-52: Building] WARN  o.a.m.s.f.DefaultMavenResourcesFiltering - Using platform encoding (UTF-8 actually) to copy filtered resources, i.e. build is platform dependent!
2024-12-23 14:54:14,540 [Worker-52: Building] INFO  o.a.m.s.f.DefaultMavenResourcesFiltering - skip non existing resourceDirectory C:\Users\dac.STUDENTSDC\Desktop\Tejas\J2EE\Spring\springmvc\src\test\resources
2024-12-23 14:58:50,240 [Worker-54: Building] INFO  o.e.m.c.i.l.LifecycleMappingFactory - Using org.maven.ide.eclipse.wtp.WarLifecycleMapping lifecycle mapping for MavenProject: fi:springmvc:0.0.1-SNAPSHOT @ C:\Users\dac.STUDENTSDC\Desktop\Tejas\J2EE\Spring\springmvc\pom.xml.
2024-12-23 14:58:50,330 [Worker-54: Building] WARN  o.a.m.s.f.DefaultMavenResourcesFiltering - Using platform encoding (UTF-8 actually) to copy filtered resources, i.e. build is platform dependent!
2024-12-23 14:58:50,332 [Worker-54: Building] INFO  o.a.m.s.f.DefaultMavenResourcesFiltering - Copying 0 resource from src\main\resources to target\classes
2024-12-23 14:58:50,333 [Worker-54: Building] WARN  o.a.m.s.f.DefaultMavenResourcesFiltering - Using platform encoding (UTF-8 actually) to copy filtered resources, i.e. build is platform dependent!
2024-12-23 14:58:50,334 [Worker-54: Building] INFO  o.a.m.s.f.DefaultMavenResourcesFiltering - skip non existing resourceDirectory C:\Users\dac.STUDENTSDC\Desktop\Tejas\J2EE\Spring\springmvc\src\test\resources
2024-12-23 14:58:50,334 [Worker-54: Building] INFO  o.e.m.w.i.f.ResourceFilteringBuildParticipant - Changed resources require a complete clean of filtered resources of springmvc
2024-12-23 14:58:50,334 [Worker-54: Building] INFO  o.e.m.w.i.f.ResourceFilteringBuildParticipant - Executing resource filtering for springmvc
2024-12-23 15:01:53,979 [Worker-56: Building] WARN  o.a.m.s.f.DefaultMavenResourcesFiltering - Using platform encoding (UTF-8 actually) to copy filtered resources, i.e. build is platform dependent!
2024-12-23 15:01:53,984 [Worker-56: Building] INFO  o.a.m.s.f.DefaultMavenResourcesFiltering - Copying 0 resource from src\main\resources to target\classes
2024-12-23 15:01:53,987 [Worker-56: Building] WARN  o.a.m.s.f.DefaultMavenResourcesFiltering - Using platform encoding (UTF-8 actually) to copy filtered resources, i.e. build is platform dependent!
2024-12-23 15:01:53,989 [Worker-56: Building] INFO  o.a.m.s.f.DefaultMavenResourcesFiltering - skip non existing resourceDirectory C:\Users\dac.STUDENTSDC\Desktop\Tejas\J2EE\Spring\springmvc\src\test\resources
2024-12-23 15:02:32,325 [Worker-56: Building] INFO  o.e.m.c.i.l.LifecycleMappingFactory - Using org.maven.ide.eclipse.wtp.WarLifecycleMapping lifecycle mapping for MavenProject: fi:springmvc:0.0.1-SNAPSHOT @ C:\Users\dac.STUDENTSDC\Desktop\Tejas\J2EE\Spring\springmvc\pom.xml.
2024-12-23 15:02:32,635 [Worker-56: Building] WARN  o.a.m.s.f.DefaultMavenResourcesFiltering - Using platform encoding (UTF-8 actually) to copy filtered resources, i.e. build is platform dependent!
2024-12-23 15:02:32,638 [Worker-56: Building] INFO  o.a.m.s.f.DefaultMavenResourcesFiltering - Copying 0 resource from src\main\resources to target\classes
2024-12-23 15:02:32,641 [Worker-56: Building] WARN  o.a.m.s.f.DefaultMavenResourcesFiltering - Using platform encoding (UTF-8 actually) to copy filtered resources, i.e. build is platform dependent!
2024-12-23 15:02:32,645 [Worker-56: Building] INFO  o.a.m.s.f.DefaultMavenResourcesFiltering - skip non existing resourceDirectory C:\Users\dac.STUDENTSDC\Desktop\Tejas\J2EE\Spring\springmvc\src\test\resources
2024-12-23 15:02:32,647 [Worker-56: Building] INFO  o.e.m.w.i.f.ResourceFilteringBuildParticipant - Changed resources require a complete clean of filtered resources of springmvc
2024-12-23 15:02:32,648 [Worker-56: Building] INFO  o.e.m.w.i.f.ResourceFilteringBuildParticipant - Executing resource filtering for springmvc
2024-12-23 15:07:37,268 [Worker-54: Building] WARN  o.a.m.s.f.DefaultMavenResourcesFiltering - Using platform encoding (UTF-8 actually) to copy filtered resources, i.e. build is platform dependent!
2024-12-23 15:07:37,271 [Worker-54: Building] INFO  o.a.m.s.f.DefaultMavenResourcesFiltering - Copying 3 resources from src\main\resources to target\classes
2024-12-23 15:07:37,278 [Worker-54: Building] WARN  o.a.m.s.f.DefaultMavenResourcesFiltering - Using platform encoding (UTF-8 actually) to copy filtered resources, i.e. build is platform dependent!
2024-12-23 15:07:37,279 [Worker-54: Building] INFO  o.a.m.s.f.DefaultMavenResourcesFiltering - skip non existing resourceDirectory C:\Users\dac.STUDENTSDC\Desktop\Tejas\J2EE\Spring\springmvc\src\test\resources
2024-12-23 15:07:42,785 [Worker-57: Building] WARN  o.a.m.s.f.DefaultMavenResourcesFiltering - Using platform encoding (UTF-8 actually) to copy filtered resources, i.e. build is platform dependent!
2024-12-23 15:07:42,787 [Worker-57: Building] INFO  o.a.m.s.f.DefaultMavenResourcesFiltering - Copying 3 resources from src\main\resources to target\classes
2024-12-23 15:07:42,791 [Worker-57: Building] WARN  o.a.m.s.f.DefaultMavenResourcesFiltering - Using platform encoding (UTF-8 actually) to copy filtered resources, i.e. build is platform dependent!
2024-12-23 15:07:42,792 [Worker-57: Building] INFO  o.a.m.s.f.DefaultMavenResourcesFiltering - skip non existing resourceDirectory C:\Users\dac.STUDENTSDC\Desktop\Tejas\J2EE\Spring\springmvc\src\test\resources
2024-12-23 15:17:10,241 [Worker-57: Building] WARN  o.a.m.s.f.DefaultMavenResourcesFiltering - Using platform encoding (UTF-8 actually) to copy filtered resources, i.e. build is platform dependent!
2024-12-23 15:17:10,243 [Worker-57: Building] INFO  o.a.m.s.f.DefaultMavenResourcesFiltering - Copying 0 resource from src\main\resources to target\classes
2024-12-23 15:17:10,248 [Worker-57: Building] WARN  o.a.m.s.f.DefaultMavenResourcesFiltering - Using platform encoding (UTF-8 actually) to copy filtered resources, i.e. build is platform dependent!
2024-12-23 15:17:10,249 [Worker-57: Building] INFO  o.a.m.s.f.DefaultMavenResourcesFiltering - skip non existing resourceDirectory C:\Users\dac.STUDENTSDC\Desktop\Tejas\J2EE\Spring\springmvc\src\test\resources
2024-12-23 15:18:02,001 [Worker-53: Building] WARN  o.a.m.s.f.DefaultMavenResourcesFiltering - Using platform encoding (UTF-8 actually) to copy filtered resources, i.e. build is platform dependent!
2024-12-23 15:18:02,003 [Worker-53: Building] INFO  o.a.m.s.f.DefaultMavenResourcesFiltering - Copying 0 resource from src\main\resources to target\classes
2024-12-23 15:18:02,005 [Worker-53: Building] WARN  o.a.m.s.f.DefaultMavenResourcesFiltering - Using platform encoding (UTF-8 actually) to copy filtered resources, i.e. build is platform dependent!
2024-12-23 15:18:02,007 [Worker-53: Building] INFO  o.a.m.s.f.DefaultMavenResourcesFiltering - skip non existing resourceDirectory C:\Users\dac.STUDENTSDC\Desktop\Tejas\J2EE\Spring\springmvc\src\test\resources
2024-12-23 15:20:37,578 [Worker-61: Building] WARN  o.a.m.s.f.DefaultMavenResourcesFiltering - Using platform encoding (UTF-8 actually) to copy filtered resources, i.e. build is platform dependent!
2024-12-23 15:20:37,580 [Worker-61: Building] INFO  o.a.m.s.f.DefaultMavenResourcesFiltering - Copying 3 resources from src\main\resources to target\classes
2024-12-23 15:20:37,585 [Worker-61: Building] WARN  o.a.m.s.f.DefaultMavenResourcesFiltering - Using platform encoding (UTF-8 actually) to copy filtered resources, i.e. build is platform dependent!
2024-12-23 15:20:37,587 [Worker-61: Building] INFO  o.a.m.s.f.DefaultMavenResourcesFiltering - skip non existing resourceDirectory C:\Users\dac.STUDENTSDC\Desktop\Tejas\J2EE\Spring\springmvc\src\test\resources
2024-12-23 15:20:51,497 [Worker-58: Building] WARN  o.a.m.s.f.DefaultMavenResourcesFiltering - Using platform encoding (UTF-8 actually) to copy filtered resources, i.e. build is platform dependent!
2024-12-23 15:20:51,504 [Worker-58: Building] INFO  o.a.m.s.f.DefaultMavenResourcesFiltering - Copying 3 resources from src\main\resources to target\classes
2024-12-23 15:20:51,513 [Worker-58: Building] WARN  o.a.m.s.f.DefaultMavenResourcesFiltering - Using platform encoding (UTF-8 actually) to copy filtered resources, i.e. build is platform dependent!
2024-12-23 15:20:51,515 [Worker-58: Building] INFO  o.a.m.s.f.DefaultMavenResourcesFiltering - skip non existing resourceDirectory C:\Users\dac.STUDENTSDC\Desktop\Tejas\J2EE\Spring\springmvc\src\test\resources
2024-12-23 15:23:26,124 [Worker-61: Building] WARN  o.a.m.s.f.DefaultMavenResourcesFiltering - Using platform encoding (UTF-8 actually) to copy filtered resources, i.e. build is platform dependent!
2024-12-23 15:23:26,127 [Worker-61: Building] INFO  o.a.m.s.f.DefaultMavenResourcesFiltering - Copying 3 resources from src\main\resources to target\classes
2024-12-23 15:23:26,135 [Worker-61: Building] WARN  o.a.m.s.f.DefaultMavenResourcesFiltering - Using platform encoding (UTF-8 actually) to copy filtered resources, i.e. build is platform dependent!
2024-12-23 15:23:26,136 [Worker-61: Building] INFO  o.a.m.s.f.DefaultMavenResourcesFiltering - skip non existing resourceDirectory C:\Users\dac.STUDENTSDC\Desktop\Tejas\J2EE\Spring\springmvc\src\test\resources
2024-12-23 16:35:59,854 [Worker-64: Building] WARN  o.a.m.s.f.DefaultMavenResourcesFiltering - Using platform encoding (UTF-8 actually) to copy filtered resources, i.e. build is platform dependent!
2024-12-23 16:35:59,857 [Worker-64: Building] INFO  o.a.m.s.f.DefaultMavenResourcesFiltering - Copying 3 resources from src\main\resources to target\classes
2024-12-23 16:35:59,861 [Worker-64: Building] WARN  o.a.m.s.f.DefaultMavenResourcesFiltering - Using platform encoding (UTF-8 actually) to copy filtered resources, i.e. build is platform dependent!
2024-12-23 16:35:59,862 [Worker-64: Building] INFO  o.a.m.s.f.DefaultMavenResourcesFiltering - skip non existing resourceDirectory C:\Users\dac.STUDENTSDC\Desktop\Tejas\J2EE\Spring\springmvc\src\test\resources
2024-12-23 16:37:24,639 [Worker-65: Building] WARN  o.a.m.s.f.DefaultMavenResourcesFiltering - Using platform encoding (UTF-8 actually) to copy filtered resources, i.e. build is platform dependent!
2024-12-23 16:37:24,645 [Worker-65: Building] INFO  o.a.m.s.f.DefaultMavenResourcesFiltering - Copying 3 resources from src\main\resources to target\classes
2024-12-23 16:37:24,651 [Worker-65: Building] WARN  o.a.m.s.f.DefaultMavenResourcesFiltering - Using platform encoding (UTF-8 actually) to copy filtered resources, i.e. build is platform dependent!
2024-12-23 16:37:24,652 [Worker-65: Building] INFO  o.a.m.s.f.DefaultMavenResourcesFiltering - skip non existing resourceDirectory C:\Users\dac.STUDENTSDC\Desktop\Tejas\J2EE\Spring\springmvc\src\test\resources
2024-12-23 16:39:32,261 [Worker-64: Building] WARN  o.a.m.s.f.DefaultMavenResourcesFiltering - Using platform encoding (UTF-8 actually) to copy filtered resources, i.e. build is platform dependent!
2024-12-23 16:39:32,263 [Worker-64: Building] INFO  o.a.m.s.f.DefaultMavenResourcesFiltering - Copying 0 resource from src\main\resources to target\classes
2024-12-23 16:39:32,265 [Worker-64: Building] WARN  o.a.m.s.f.DefaultMavenResourcesFiltering - Using platform encoding (UTF-8 actually) to copy filtered resources, i.e. build is platform dependent!
2024-12-23 16:39:32,266 [Worker-64: Building] INFO  o.a.m.s.f.DefaultMavenResourcesFiltering - skip non existing resourceDirectory C:\Users\dac.STUDENTSDC\Desktop\Tejas\J2EE\Spring\springmvc\src\test\resources
2024-12-23 16:40:07,486 [Worker-68: Building] WARN  o.a.m.s.f.DefaultMavenResourcesFiltering - Using platform encoding (UTF-8 actually) to copy filtered resources, i.e. build is platform dependent!
2024-12-23 16:40:07,490 [Worker-68: Building] INFO  o.a.m.s.f.DefaultMavenResourcesFiltering - Copying 0 resource from src\main\resources to target\classes
2024-12-23 16:40:07,497 [Worker-68: Building] WARN  o.a.m.s.f.DefaultMavenResourcesFiltering - Using platform encoding (UTF-8 actually) to copy filtered resources, i.e. build is platform dependent!
2024-12-23 16:40:07,499 [Worker-68: Building] INFO  o.a.m.s.f.DefaultMavenResourcesFiltering - skip non existing resourceDirectory C:\Users\dac.STUDENTSDC\Desktop\Tejas\J2EE\Spring\springmvc\src\test\resources
2024-12-23 16:40:23,718 [Worker-64: Building] WARN  o.a.m.s.f.DefaultMavenResourcesFiltering - Using platform encoding (UTF-8 actually) to copy filtered resources, i.e. build is platform dependent!
2024-12-23 16:40:23,721 [Worker-64: Building] INFO  o.a.m.s.f.DefaultMavenResourcesFiltering - Copying 0 resource from src\main\resources to target\classes
2024-12-23 16:40:23,724 [Worker-64: Building] WARN  o.a.m.s.f.DefaultMavenResourcesFiltering - Using platform encoding (UTF-8 actually) to copy filtered resources, i.e. build is platform dependent!
2024-12-23 16:40:23,724 [Worker-64: Building] INFO  o.a.m.s.f.DefaultMavenResourcesFiltering - skip non existing resourceDirectory C:\Users\dac.STUDENTSDC\Desktop\Tejas\J2EE\Spring\springmvc\src\test\resources
2024-12-23 16:41:11,110 [Worker-69: Building] WARN  o.a.m.s.f.DefaultMavenResourcesFiltering - Using platform encoding (UTF-8 actually) to copy filtered resources, i.e. build is platform dependent!
2024-12-23 16:41:11,113 [Worker-69: Building] INFO  o.a.m.s.f.DefaultMavenResourcesFiltering - Copying 0 resource from src\main\resources to target\classes
2024-12-23 16:41:11,116 [Worker-69: Building] WARN  o.a.m.s.f.DefaultMavenResourcesFiltering - Using platform encoding (UTF-8 actually) to copy filtered resources, i.e. build is platform dependent!
2024-12-23 16:41:11,118 [Worker-69: Building] INFO  o.a.m.s.f.DefaultMavenResourcesFiltering - skip non existing resourceDirectory C:\Users\dac.STUDENTSDC\Desktop\Tejas\J2EE\Spring\springmvc\src\test\resources
2024-12-23 16:41:18,311 [Worker-68: Building] WARN  o.a.m.s.f.DefaultMavenResourcesFiltering - Using platform encoding (UTF-8 actually) to copy filtered resources, i.e. build is platform dependent!
2024-12-23 16:41:18,313 [Worker-68: Building] INFO  o.a.m.s.f.DefaultMavenResourcesFiltering - Copying 0 resource from src\main\resources to target\classes
2024-12-23 16:41:18,318 [Worker-68: Building] WARN  o.a.m.s.f.DefaultMavenResourcesFiltering - Using platform encoding (UTF-8 actually) to copy filtered resources, i.e. build is platform dependent!
2024-12-23 16:41:18,320 [Worker-68: Building] INFO  o.a.m.s.f.DefaultMavenResourcesFiltering - skip non existing resourceDirectory C:\Users\dac.STUDENTSDC\Desktop\Tejas\J2EE\Spring\springmvc\src\test\resources
2024-12-23 16:48:31,783 [Worker-66: Building] WARN  o.a.m.s.f.DefaultMavenResourcesFiltering - Using platform encoding (UTF-8 actually) to copy filtered resources, i.e. build is platform dependent!
2024-12-23 16:48:31,790 [Worker-66: Building] INFO  o.a.m.s.f.DefaultMavenResourcesFiltering - Copying 0 resource from src\main\resources to target\classes
2024-12-23 16:48:31,795 [Worker-66: Building] WARN  o.a.m.s.f.DefaultMavenResourcesFiltering - Using platform encoding (UTF-8 actually) to copy filtered resources, i.e. build is platform dependent!
2024-12-23 16:48:31,797 [Worker-66: Building] INFO  o.a.m.s.f.DefaultMavenResourcesFiltering - skip non existing resourceDirectory C:\Users\dac.STUDENTSDC\Desktop\Tejas\J2EE\Spring\springmvc\src\test\resources
2024-12-23 16:48:59,835 [Worker-66: Building] WARN  o.a.m.s.f.DefaultMavenResourcesFiltering - Using platform encoding (UTF-8 actually) to copy filtered resources, i.e. build is platform dependent!
2024-12-23 16:48:59,838 [Worker-66: Building] INFO  o.a.m.s.f.DefaultMavenResourcesFiltering - Copying 0 resource from src\main\resources to target\classes
2024-12-23 16:48:59,842 [Worker-66: Building] WARN  o.a.m.s.f.DefaultMavenResourcesFiltering - Using platform encoding (UTF-8 actually) to copy filtered resources, i.e. build is platform dependent!
2024-12-23 16:48:59,843 [Worker-66: Building] INFO  o.a.m.s.f.DefaultMavenResourcesFiltering - skip non existing resourceDirectory C:\Users\dac.STUDENTSDC\Desktop\Tejas\J2EE\Spring\springmvc\src\test\resources
2024-12-23 16:49:07,452 [Worker-68: Building] WARN  o.a.m.s.f.DefaultMavenResourcesFiltering - Using platform encoding (UTF-8 actually) to copy filtered resources, i.e. build is platform dependent!
2024-12-23 16:49:07,457 [Worker-68: Building] INFO  o.a.m.s.f.DefaultMavenResourcesFiltering - Copying 0 resource from src\main\resources to target\classes
2024-12-23 16:49:07,463 [Worker-68: Building] WARN  o.a.m.s.f.DefaultMavenResourcesFiltering - Using platform encoding (UTF-8 actually) to copy filtered resources, i.e. build is platform dependent!
2024-12-23 16:49:07,465 [Worker-68: Building] INFO  o.a.m.s.f.DefaultMavenResourcesFiltering - skip non existing resourceDirectory C:\Users\dac.STUDENTSDC\Desktop\Tejas\J2EE\Spring\springmvc\src\test\resources
2024-12-23 17:07:31,655 [Worker-72: Building] WARN  o.a.m.s.f.DefaultMavenResourcesFiltering - Using platform encoding (UTF-8 actually) to copy filtered resources, i.e. build is platform dependent!
2024-12-23 17:07:31,657 [Worker-72: Building] INFO  o.a.m.s.f.DefaultMavenResourcesFiltering - Copying 3 resources from src\main\resources to target\classes
2024-12-23 17:07:31,664 [Worker-72: Building] WARN  o.a.m.s.f.DefaultMavenResourcesFiltering - Using platform encoding (UTF-8 actually) to copy filtered resources, i.e. build is platform dependent!
2024-12-23 17:07:31,667 [Worker-72: Building] INFO  o.a.m.s.f.DefaultMavenResourcesFiltering - skip non existing resourceDirectory C:\Users\dac.STUDENTSDC\Desktop\Tejas\J2EE\Spring\springmvc\src\test\resources
2024-12-23 17:07:36,243 [Worker-64: Building] WARN  o.a.m.s.f.DefaultMavenResourcesFiltering - Using platform encoding (UTF-8 actually) to copy filtered resources, i.e. build is platform dependent!
2024-12-23 17:07:36,247 [Worker-64: Building] INFO  o.a.m.s.f.DefaultMavenResourcesFiltering - Copying 3 resources from src\main\resources to target\classes
2024-12-23 17:07:36,253 [Worker-64: Building] WARN  o.a.m.s.f.DefaultMavenResourcesFiltering - Using platform encoding (UTF-8 actually) to copy filtered resources, i.e. build is platform dependent!
2024-12-23 17:07:36,254 [Worker-64: Building] INFO  o.a.m.s.f.DefaultMavenResourcesFiltering - skip non existing resourceDirectory C:\Users\dac.STUDENTSDC\Desktop\Tejas\J2EE\Spring\springmvc\src\test\resources
2024-12-23 17:08:47,949 [Worker-76: Building] WARN  o.a.m.s.f.DefaultMavenResourcesFiltering - Using platform encoding (UTF-8 actually) to copy filtered resources, i.e. build is platform dependent!
2024-12-23 17:08:47,957 [Worker-76: Building] INFO  o.a.m.s.f.DefaultMavenResourcesFiltering - Copying 3 resources from src\main\resources to target\classes
2024-12-23 17:08:47,967 [Worker-76: Building] WARN  o.a.m.s.f.DefaultMavenResourcesFiltering - Using platform encoding (UTF-8 actually) to copy filtered resources, i.e. build is platform dependent!
2024-12-23 17:08:47,969 [Worker-76: Building] INFO  o.a.m.s.f.DefaultMavenResourcesFiltering - skip non existing resourceDirectory C:\Users\dac.STUDENTSDC\Desktop\Tejas\J2EE\Spring\springmvc\src\test\resources
2024-12-23 17:22:23,625 [Worker-64: Building] WARN  o.a.m.s.f.DefaultMavenResourcesFiltering - Using platform encoding (UTF-8 actually) to copy filtered resources, i.e. build is platform dependent!
2024-12-23 17:22:23,629 [Worker-64: Building] INFO  o.a.m.s.f.DefaultMavenResourcesFiltering - Copying 3 resources from src\main\resources to target\classes
2024-12-23 17:22:23,635 [Worker-64: Building] WARN  o.a.m.s.f.DefaultMavenResourcesFiltering - Using platform encoding (UTF-8 actually) to copy filtered resources, i.e. build is platform dependent!
2024-12-23 17:22:23,635 [Worker-64: Building] INFO  o.a.m.s.f.DefaultMavenResourcesFiltering - skip non existing resourceDirectory C:\Users\dac.STUDENTSDC\Desktop\Tejas\J2EE\Spring\springmvc\src\test\resources
2024-12-23 17:25:28,078 [Worker-82: Building] WARN  o.a.m.s.f.DefaultMavenResourcesFiltering - Using platform encoding (UTF-8 actually) to copy filtered resources, i.e. build is platform dependent!
2024-12-23 17:25:28,080 [Worker-82: Building] INFO  o.a.m.s.f.DefaultMavenResourcesFiltering - Copying 3 resources from src\main\resources to target\classes
2024-12-23 17:25:28,085 [Worker-82: Building] WARN  o.a.m.s.f.DefaultMavenResourcesFiltering - Using platform encoding (UTF-8 actually) to copy filtered resources, i.e. build is platform dependent!
2024-12-23 17:25:28,087 [Worker-82: Building] INFO  o.a.m.s.f.DefaultMavenResourcesFiltering - skip non existing resourceDirectory C:\Users\dac.STUDENTSDC\Desktop\Tejas\J2EE\Spring\springmvc\src\test\resources
2024-12-23 17:28:24,813 [Worker-83: Building] WARN  o.a.m.s.f.DefaultMavenResourcesFiltering - Using platform encoding (UTF-8 actually) to copy filtered resources, i.e. build is platform dependent!
2024-12-23 17:28:24,817 [Worker-83: Building] INFO  o.a.m.s.f.DefaultMavenResourcesFiltering - Copying 3 resources from src\main\resources to target\classes
2024-12-23 17:28:24,825 [Worker-83: Building] WARN  o.a.m.s.f.DefaultMavenResourcesFiltering - Using platform encoding (UTF-8 actually) to copy filtered resources, i.e. build is platform dependent!
2024-12-23 17:28:24,827 [Worker-83: Building] INFO  o.a.m.s.f.DefaultMavenResourcesFiltering - skip non existing resourceDirectory C:\Users\dac.STUDENTSDC\Desktop\Tejas\J2EE\Spring\springmvc\src\test\resources
2024-12-23 17:33:45,477 [Worker-86: Building] WARN  o.a.m.s.f.DefaultMavenResourcesFiltering - Using platform encoding (UTF-8 actually) to copy filtered resources, i.e. build is platform dependent!
2024-12-23 17:33:45,479 [Worker-86: Building] INFO  o.a.m.s.f.DefaultMavenResourcesFiltering - Copying 3 resources from src\main\resources to target\classes
2024-12-23 17:33:45,488 [Worker-86: Building] WARN  o.a.m.s.f.DefaultMavenResourcesFiltering - Using platform encoding (UTF-8 actually) to copy filtered resources, i.e. build is platform dependent!
2024-12-23 17:33:45,491 [Worker-86: Building] INFO  o.a.m.s.f.DefaultMavenResourcesFiltering - skip non existing resourceDirectory C:\Users\dac.STUDENTSDC\Desktop\Tejas\J2EE\Spring\springmvc\src\test\resources
2024-12-23 17:35:35,295 [Worker-87: Building] WARN  o.a.m.s.f.DefaultMavenResourcesFiltering - Using platform encoding (UTF-8 actually) to copy filtered resources, i.e. build is platform dependent!
2024-12-23 17:35:35,298 [Worker-87: Building] INFO  o.a.m.s.f.DefaultMavenResourcesFiltering - Copying 3 resources from src\main\resources to target\classes
2024-12-23 17:35:35,303 [Worker-87: Building] WARN  o.a.m.s.f.DefaultMavenResourcesFiltering - Using platform encoding (UTF-8 actually) to copy filtered resources, i.e. build is platform dependent!
2024-12-23 17:35:35,304 [Worker-87: Building] INFO  o.a.m.s.f.DefaultMavenResourcesFiltering - skip non existing resourceDirectory C:\Users\dac.STUDENTSDC\Desktop\Tejas\J2EE\Spring\springmvc\src\test\resources
2024-12-23 17:37:06,775 [Worker-86: Building] WARN  o.a.m.s.f.DefaultMavenResourcesFiltering - Using platform encoding (UTF-8 actually) to copy filtered resources, i.e. build is platform dependent!
2024-12-23 17:37:06,778 [Worker-86: Building] INFO  o.a.m.s.f.DefaultMavenResourcesFiltering - Copying 3 resources from src\main\resources to target\classes
2024-12-23 17:37:06,784 [Worker-86: Building] WARN  o.a.m.s.f.DefaultMavenResourcesFiltering - Using platform encoding (UTF-8 actually) to copy filtered resources, i.e. build is platform dependent!
2024-12-23 17:37:06,785 [Worker-86: Building] INFO  o.a.m.s.f.DefaultMavenResourcesFiltering - skip non existing resourceDirectory C:\Users\dac.STUDENTSDC\Desktop\Tejas\J2EE\Spring\springmvc\src\test\resources
2024-12-23 17:40:50,296 [Worker-89: Building] WARN  o.a.m.s.f.DefaultMavenResourcesFiltering - Using platform encoding (UTF-8 actually) to copy filtered resources, i.e. build is platform dependent!
2024-12-23 17:40:50,298 [Worker-89: Building] INFO  o.a.m.s.f.DefaultMavenResourcesFiltering - Copying 3 resources from src\main\resources to target\classes
2024-12-23 17:40:50,301 [Worker-89: Building] WARN  o.a.m.s.f.DefaultMavenResourcesFiltering - Using platform encoding (UTF-8 actually) to copy filtered resources, i.e. build is platform dependent!
2024-12-23 17:40:50,303 [Worker-89: Building] INFO  o.a.m.s.f.DefaultMavenResourcesFiltering - skip non existing resourceDirectory C:\Users\dac.STUDENTSDC\Desktop\Tejas\J2EE\Spring\springmvc\src\test\resources
2024-12-23 17:41:20,036 [Worker-87: Building] WARN  o.a.m.s.f.DefaultMavenResourcesFiltering - Using platform encoding (UTF-8 actually) to copy filtered resources, i.e. build is platform dependent!
2024-12-23 17:41:20,039 [Worker-87: Building] INFO  o.a.m.s.f.DefaultMavenResourcesFiltering - Copying 3 resources from src\main\resources to target\classes
2024-12-23 17:41:20,046 [Worker-87: Building] WARN  o.a.m.s.f.DefaultMavenResourcesFiltering - Using platform encoding (UTF-8 actually) to copy filtered resources, i.e. build is platform dependent!
2024-12-23 17:41:20,050 [Worker-87: Building] INFO  o.a.m.s.f.DefaultMavenResourcesFiltering - skip non existing resourceDirectory C:\Users\dac.STUDENTSDC\Desktop\Tejas\J2EE\Spring\springmvc\src\test\resources
2024-12-23 17:41:51,080 [Worker-86: Building] WARN  o.a.m.s.f.DefaultMavenResourcesFiltering - Using platform encoding (UTF-8 actually) to copy filtered resources, i.e. build is platform dependent!
2024-12-23 17:41:51,083 [Worker-86: Building] INFO  o.a.m.s.f.DefaultMavenResourcesFiltering - Copying 3 resources from src\main\resources to target\classes
2024-12-23 17:41:51,085 [Worker-86: Building] WARN  o.a.m.s.f.DefaultMavenResourcesFiltering - Using platform encoding (UTF-8 actually) to copy filtered resources, i.e. build is platform dependent!
2024-12-23 17:41:51,086 [Worker-86: Building] INFO  o.a.m.s.f.DefaultMavenResourcesFiltering - skip non existing resourceDirectory C:\Users\dac.STUDENTSDC\Desktop\Tejas\J2EE\Spring\springmvc\src\test\resources
2024-12-23 17:41:58,856 [Worker-91: Building] WARN  o.a.m.s.f.DefaultMavenResourcesFiltering - Using platform encoding (UTF-8 actually) to copy filtered resources, i.e. build is platform dependent!
2024-12-23 17:41:58,858 [Worker-91: Building] INFO  o.a.m.s.f.DefaultMavenResourcesFiltering - Copying 3 resources from src\main\resources to target\classes
2024-12-23 17:41:58,863 [Worker-91: Building] WARN  o.a.m.s.f.DefaultMavenResourcesFiltering - Using platform encoding (UTF-8 actually) to copy filtered resources, i.e. build is platform dependent!
2024-12-23 17:41:58,864 [Worker-91: Building] INFO  o.a.m.s.f.DefaultMavenResourcesFiltering - skip non existing resourceDirectory C:\Users\dac.STUDENTSDC\Desktop\Tejas\J2EE\Spring\springmvc\src\test\resources
2024-12-23 17:46:59,534 [Worker-90: Building] WARN  o.a.m.s.f.DefaultMavenResourcesFiltering - Using platform encoding (UTF-8 actually) to copy filtered resources, i.e. build is platform dependent!
2024-12-23 17:46:59,536 [Worker-90: Building] INFO  o.a.m.s.f.DefaultMavenResourcesFiltering - Copying 3 resources from src\main\resources to target\classes
2024-12-23 17:46:59,540 [Worker-90: Building] WARN  o.a.m.s.f.DefaultMavenResourcesFiltering - Using platform encoding (UTF-8 actually) to copy filtered resources, i.e. build is platform dependent!
2024-12-23 17:46:59,540 [Worker-90: Building] INFO  o.a.m.s.f.DefaultMavenResourcesFiltering - skip non existing resourceDirectory C:\Users\dac.STUDENTSDC\Desktop\Tejas\J2EE\Spring\springmvc\src\test\resources
2024-12-23 17:53:55,758 [Worker-98: Building] INFO  o.e.m.c.i.e.AbstractTransferListenerAdapter - Downloading https://repo.maven.apache.org/maven2/org/apache/maven/plugins/maven-compiler-plugin/3.8.1/maven-compiler-plugin-3.8.1.jar
2024-12-23 17:53:55,816 [Worker-98: Building] INFO  o.e.m.c.i.e.AbstractTransferListenerAdapter - Downloaded https://repo.maven.apache.org/maven2/org/apache/maven/plugins/maven-compiler-plugin/3.8.1/maven-compiler-plugin-3.8.1.jar
2024-12-23 17:53:55,909 [Worker-98: Building] INFO  o.e.m.c.i.e.AbstractTransferListenerAdapter - Downloading https://repo.maven.apache.org/maven2/org/apache/maven/plugins/maven-compiler-plugin/3.8.1/maven-compiler-plugin-3.8.1.pom
2024-12-23 17:53:55,915 [Worker-98: Building] INFO  o.e.m.c.i.e.AbstractTransferListenerAdapter - Downloaded https://repo.maven.apache.org/maven2/org/apache/maven/plugins/maven-compiler-plugin/3.8.1/maven-compiler-plugin-3.8.1.pom
2024-12-23 17:53:55,968 [Worker-98: Building] INFO  o.e.m.c.i.e.AbstractTransferListenerAdapter - Downloading https://repo.maven.apache.org/maven2/org/apache/maven/plugins/maven-plugins/33/maven-plugins-33.pom
2024-12-23 17:53:55,972 [Worker-98: Building] INFO  o.e.m.c.i.e.AbstractTransferListenerAdapter - Downloaded https://repo.maven.apache.org/maven2/org/apache/maven/plugins/maven-plugins/33/maven-plugins-33.pom
2024-12-23 17:53:56,229 [Worker-98: Building] INFO  o.e.m.c.i.e.AbstractTransferListenerAdapter - Downloading https://repo.maven.apache.org/maven2/org/codehaus/plexus/plexus-component-annotations/1.7.1/plexus-component-annotations-1.7.1.pom
2024-12-23 17:53:56,241 [Worker-98: Building] INFO  o.e.m.c.i.e.AbstractTransferListenerAdapter - Downloaded https://repo.maven.apache.org/maven2/org/codehaus/plexus/plexus-component-annotations/1.7.1/plexus-component-annotations-1.7.1.pom
2024-12-23 17:53:56,343 [Worker-98: Building] INFO  o.e.m.c.i.e.AbstractTransferListenerAdapter - Downloading https://repo.maven.apache.org/maven2/org/codehaus/plexus/plexus-containers/1.7.1/plexus-containers-1.7.1.pom
2024-12-23 17:53:56,355 [Worker-98: Building] INFO  o.e.m.c.i.e.AbstractTransferListenerAdapter - Downloaded https://repo.maven.apache.org/maven2/org/codehaus/plexus/plexus-containers/1.7.1/plexus-containers-1.7.1.pom
2024-12-23 17:53:56,999 [Worker-98: Building] INFO  o.e.m.c.i.e.AbstractTransferListenerAdapter - Downloading https://repo.maven.apache.org/maven2/org/codehaus/plexus/plexus-java/0.9.10/plexus-java-0.9.10.pom
2024-12-23 17:53:57,012 [Worker-98: Building] INFO  o.e.m.c.i.e.AbstractTransferListenerAdapter - Downloaded https://repo.maven.apache.org/maven2/org/codehaus/plexus/plexus-java/0.9.10/plexus-java-0.9.10.pom
2024-12-23 17:53:57,048 [Worker-98: Building] INFO  o.e.m.c.i.e.AbstractTransferListenerAdapter - Downloading https://repo.maven.apache.org/maven2/org/codehaus/plexus/plexus-languages/0.9.10/plexus-languages-0.9.10.pom
2024-12-23 17:53:57,060 [Worker-98: Building] INFO  o.e.m.c.i.e.AbstractTransferListenerAdapter - Downloaded https://repo.maven.apache.org/maven2/org/codehaus/plexus/plexus-languages/0.9.10/plexus-languages-0.9.10.pom
2024-12-23 17:53:57,091 [Worker-98: Building] INFO  o.e.m.c.i.e.AbstractTransferListenerAdapter - Downloading https://repo.maven.apache.org/maven2/org/ow2/asm/asm/6.2/asm-6.2.pom
2024-12-23 17:53:57,102 [Worker-98: Building] INFO  o.e.m.c.i.e.AbstractTransferListenerAdapter - Downloaded https://repo.maven.apache.org/maven2/org/ow2/asm/asm/6.2/asm-6.2.pom
2024-12-23 17:53:57,157 [Worker-98: Building] INFO  o.e.m.c.i.e.AbstractTransferListenerAdapter - Downloading https://repo.maven.apache.org/maven2/org/ow2/ow2/1.5/ow2-1.5.pom
2024-12-23 17:53:57,160 [Worker-98: Building] INFO  o.e.m.c.i.e.AbstractTransferListenerAdapter - Downloaded https://repo.maven.apache.org/maven2/org/ow2/ow2/1.5/ow2-1.5.pom
2024-12-23 17:53:57,203 [Worker-98: Building] INFO  o.e.m.c.i.e.AbstractTransferListenerAdapter - Downloading https://repo.maven.apache.org/maven2/com/thoughtworks/qdox/qdox/2.0-M9/qdox-2.0-M9.pom
2024-12-23 17:53:57,218 [Worker-98: Building] INFO  o.e.m.c.i.e.AbstractTransferListenerAdapter - Downloaded https://repo.maven.apache.org/maven2/com/thoughtworks/qdox/qdox/2.0-M9/qdox-2.0-M9.pom
2024-12-23 17:53:57,258 [Worker-98: Building] INFO  o.e.m.c.i.e.AbstractTransferListenerAdapter - Downloading https://repo.maven.apache.org/maven2/org/codehaus/plexus/plexus-compiler-api/2.8.4/plexus-compiler-api-2.8.4.pom
2024-12-23 17:53:57,268 [Worker-98: Building] INFO  o.e.m.c.i.e.AbstractTransferListenerAdapter - Downloaded https://repo.maven.apache.org/maven2/org/codehaus/plexus/plexus-compiler-api/2.8.4/plexus-compiler-api-2.8.4.pom
2024-12-23 17:53:57,301 [Worker-98: Building] INFO  o.e.m.c.i.e.AbstractTransferListenerAdapter - Downloading https://repo.maven.apache.org/maven2/org/codehaus/plexus/plexus-compiler/2.8.4/plexus-compiler-2.8.4.pom
2024-12-23 17:53:57,313 [Worker-98: Building] INFO  o.e.m.c.i.e.AbstractTransferListenerAdapter - Downloaded https://repo.maven.apache.org/maven2/org/codehaus/plexus/plexus-compiler/2.8.4/plexus-compiler-2.8.4.pom
2024-12-23 17:53:57,343 [Worker-98: Building] INFO  o.e.m.c.i.e.AbstractTransferListenerAdapter - Downloading https://repo.maven.apache.org/maven2/org/codehaus/plexus/plexus-components/4.0/plexus-components-4.0.pom
2024-12-23 17:53:57,353 [Worker-98: Building] INFO  o.e.m.c.i.e.AbstractTransferListenerAdapter - Downloaded https://repo.maven.apache.org/maven2/org/codehaus/plexus/plexus-components/4.0/plexus-components-4.0.pom
2024-12-23 17:53:57,382 [Worker-98: Building] INFO  o.e.m.c.i.e.AbstractTransferListenerAdapter - Downloading https://repo.maven.apache.org/maven2/org/codehaus/plexus/plexus-utils/3.0.22/plexus-utils-3.0.22.pom
2024-12-23 17:53:57,391 [Worker-98: Building] INFO  o.e.m.c.i.e.AbstractTransferListenerAdapter - Downloaded https://repo.maven.apache.org/maven2/org/codehaus/plexus/plexus-utils/3.0.22/plexus-utils-3.0.22.pom
2024-12-23 17:53:57,443 [Worker-98: Building] INFO  o.e.m.c.i.e.AbstractTransferListenerAdapter - Downloading https://repo.maven.apache.org/maven2/org/codehaus/plexus/plexus-compiler-manager/2.8.4/plexus-compiler-manager-2.8.4.pom
2024-12-23 17:53:57,453 [Worker-98: Building] INFO  o.e.m.c.i.e.AbstractTransferListenerAdapter - Downloaded https://repo.maven.apache.org/maven2/org/codehaus/plexus/plexus-compiler-manager/2.8.4/plexus-compiler-manager-2.8.4.pom
2024-12-23 17:53:57,501 [Worker-98: Building] INFO  o.e.m.c.i.e.AbstractTransferListenerAdapter - Downloading https://repo.maven.apache.org/maven2/org/codehaus/plexus/plexus-compiler-javac/2.8.4/plexus-compiler-javac-2.8.4.pom
2024-12-23 17:53:57,507 [Worker-98: Building] INFO  o.e.m.c.i.e.AbstractTransferListenerAdapter - Downloaded https://repo.maven.apache.org/maven2/org/codehaus/plexus/plexus-compiler-javac/2.8.4/plexus-compiler-javac-2.8.4.pom
2024-12-23 17:53:57,544 [Worker-98: Building] INFO  o.e.m.c.i.e.AbstractTransferListenerAdapter - Downloading https://repo.maven.apache.org/maven2/org/codehaus/plexus/plexus-compilers/2.8.4/plexus-compilers-2.8.4.pom
2024-12-23 17:53:57,549 [Worker-98: Building] INFO  o.e.m.c.i.e.AbstractTransferListenerAdapter - Downloaded https://repo.maven.apache.org/maven2/org/codehaus/plexus/plexus-compilers/2.8.4/plexus-compilers-2.8.4.pom
2024-12-23 17:53:57,670 [Worker-98: Building] INFO  o.e.m.c.i.e.AbstractTransferListenerAdapter - Downloading https://repo.maven.apache.org/maven2/org/codehaus/plexus/plexus-utils/2.0.4/plexus-utils-2.0.4.jar
2024-12-23 17:53:57,726 [Worker-98: Building] INFO  o.e.m.c.i.e.AbstractTransferListenerAdapter - Downloaded https://repo.maven.apache.org/maven2/org/codehaus/plexus/plexus-utils/2.0.4/plexus-utils-2.0.4.jar
2024-12-23 17:53:57,751 [BasicRepositoryConnector-repo.maven.apache.org-1-2] INFO  o.e.m.c.i.e.AbstractTransferListenerAdapter - Downloading https://repo.maven.apache.org/maven2/org/codehaus/plexus/plexus-component-annotations/1.7.1/plexus-component-annotations-1.7.1.jar
2024-12-23 17:53:57,760 [BasicRepositoryConnector-repo.maven.apache.org-1-2] INFO  o.e.m.c.i.e.AbstractTransferListenerAdapter - Downloaded https://repo.maven.apache.org/maven2/org/codehaus/plexus/plexus-component-annotations/1.7.1/plexus-component-annotations-1.7.1.jar
2024-12-23 17:53:57,779 [BasicRepositoryConnector-repo.maven.apache.org-1-2] INFO  o.e.m.c.i.e.AbstractTransferListenerAdapter - Downloading https://repo.maven.apache.org/maven2/org/ow2/asm/asm/6.2/asm-6.2.jar
2024-12-23 17:53:57,790 [BasicRepositoryConnector-repo.maven.apache.org-1-3] INFO  o.e.m.c.i.e.AbstractTransferListenerAdapter - Downloading https://repo.maven.apache.org/maven2/commons-io/commons-io/2.5/commons-io-2.5.jar
2024-12-23 17:53:57,797 [BasicRepositoryConnector-repo.maven.apache.org-1-2] INFO  o.e.m.c.i.e.AbstractTransferListenerAdapter - Downloaded https://repo.maven.apache.org/maven2/org/ow2/asm/asm/6.2/asm-6.2.jar
2024-12-23 17:53:57,797 [BasicRepositoryConnector-repo.maven.apache.org-1-4] INFO  o.e.m.c.i.e.AbstractTransferListenerAdapter - Downloading https://repo.maven.apache.org/maven2/org/codehaus/plexus/plexus-java/0.9.10/plexus-java-0.9.10.jar
2024-12-23 17:53:57,819 [BasicRepositoryConnector-repo.maven.apache.org-1-0] INFO  o.e.m.c.i.e.AbstractTransferListenerAdapter - Downloading https://repo.maven.apache.org/maven2/org/apache/maven/maven-settings/3.0/maven-settings-3.0.jar
2024-12-23 17:53:57,819 [BasicRepositoryConnector-repo.maven.apache.org-1-1] INFO  o.e.m.c.i.e.AbstractTransferListenerAdapter - Downloading https://repo.maven.apache.org/maven2/org/codehaus/plexus/plexus-interpolation/1.14/plexus-interpolation-1.14.jar
2024-12-23 17:53:57,825 [BasicRepositoryConnector-repo.maven.apache.org-1-2] INFO  o.e.m.c.i.e.AbstractTransferListenerAdapter - Downloading https://repo.maven.apache.org/maven2/com/thoughtworks/qdox/qdox/2.0-M9/qdox-2.0-M9.jar
2024-12-23 17:53:57,833 [BasicRepositoryConnector-repo.maven.apache.org-1-4] INFO  o.e.m.c.i.e.AbstractTransferListenerAdapter - Downloaded https://repo.maven.apache.org/maven2/org/codehaus/plexus/plexus-java/0.9.10/plexus-java-0.9.10.jar
2024-12-23 17:53:57,839 [BasicRepositoryConnector-repo.maven.apache.org-1-0] INFO  o.e.m.c.i.e.AbstractTransferListenerAdapter - Downloaded https://repo.maven.apache.org/maven2/org/apache/maven/maven-settings/3.0/maven-settings-3.0.jar
2024-12-23 17:53:57,841 [BasicRepositoryConnector-repo.maven.apache.org-1-1] INFO  o.e.m.c.i.e.AbstractTransferListenerAdapter - Downloaded https://repo.maven.apache.org/maven2/org/codehaus/plexus/plexus-interpolation/1.14/plexus-interpolation-1.14.jar
2024-12-23 17:53:57,847 [BasicRepositoryConnector-repo.maven.apache.org-1-3] INFO  o.e.m.c.i.e.AbstractTransferListenerAdapter - Downloaded https://repo.maven.apache.org/maven2/commons-io/commons-io/2.5/commons-io-2.5.jar
2024-12-23 17:53:57,854 [BasicRepositoryConnector-repo.maven.apache.org-1-0] INFO  o.e.m.c.i.e.AbstractTransferListenerAdapter - Downloading https://repo.maven.apache.org/maven2/org/codehaus/plexus/plexus-compiler-manager/2.8.4/plexus-compiler-manager-2.8.4.jar
2024-12-23 17:53:57,858 [BasicRepositoryConnector-repo.maven.apache.org-1-2] INFO  o.e.m.c.i.e.AbstractTransferListenerAdapter - Downloaded https://repo.maven.apache.org/maven2/com/thoughtworks/qdox/qdox/2.0-M9/qdox-2.0-M9.jar
2024-12-23 17:53:57,870 [BasicRepositoryConnector-repo.maven.apache.org-1-4] INFO  o.e.m.c.i.e.AbstractTransferListenerAdapter - Downloading https://repo.maven.apache.org/maven2/org/codehaus/plexus/plexus-compiler-api/2.8.4/plexus-compiler-api-2.8.4.jar
2024-12-23 17:53:57,870 [BasicRepositoryConnector-repo.maven.apache.org-1-1] INFO  o.e.m.c.i.e.AbstractTransferListenerAdapter - Downloading https://repo.maven.apache.org/maven2/org/codehaus/plexus/plexus-compiler-javac/2.8.4/plexus-compiler-javac-2.8.4.jar
2024-12-23 17:53:57,879 [BasicRepositoryConnector-repo.maven.apache.org-1-0] INFO  o.e.m.c.i.e.AbstractTransferListenerAdapter - Downloaded https://repo.maven.apache.org/maven2/org/codehaus/plexus/plexus-compiler-manager/2.8.4/plexus-compiler-manager-2.8.4.jar
2024-12-23 17:53:57,882 [BasicRepositoryConnector-repo.maven.apache.org-1-1] INFO  o.e.m.c.i.e.AbstractTransferListenerAdapter - Downloaded https://repo.maven.apache.org/maven2/org/codehaus/plexus/plexus-compiler-javac/2.8.4/plexus-compiler-javac-2.8.4.jar
2024-12-23 17:53:57,882 [BasicRepositoryConnector-repo.maven.apache.org-1-4] INFO  o.e.m.c.i.e.AbstractTransferListenerAdapter - Downloaded https://repo.maven.apache.org/maven2/org/codehaus/plexus/plexus-compiler-api/2.8.4/plexus-compiler-api-2.8.4.jar
2024-12-23 17:53:58,186 [Worker-98: Building] INFO  o.e.m.c.i.l.LifecycleMappingFactory - Using org.maven.ide.eclipse.wtp.WarLifecycleMapping lifecycle mapping for MavenProject: fi:springmvc:0.0.1-SNAPSHOT @ C:\Users\dac.STUDENTSDC\Desktop\Tejas\J2EE\Spring\springmvc\pom.xml.
2024-12-23 17:53:58,283 [Worker-98: Building] INFO  o.e.m.c.i.e.AbstractTransferListenerAdapter - Downloading https://repo.maven.apache.org/maven2/javax/servlet/jstl/1.2/jstl-1.2.pom
2024-12-23 17:53:58,291 [Worker-98: Building] INFO  o.e.m.c.i.e.AbstractTransferListenerAdapter - Downloaded https://repo.maven.apache.org/maven2/javax/servlet/jstl/1.2/jstl-1.2.pom
2024-12-23 17:53:58,332 [Worker-98: Building] INFO  o.e.m.c.i.e.AbstractTransferListenerAdapter - Downloading https://repo.maven.apache.org/maven2/javax/servlet/javax.servlet-api/4.0.1/javax.servlet-api-4.0.1.pom
2024-12-23 17:53:58,338 [Worker-98: Building] INFO  o.e.m.c.i.e.AbstractTransferListenerAdapter - Downloaded https://repo.maven.apache.org/maven2/javax/servlet/javax.servlet-api/4.0.1/javax.servlet-api-4.0.1.pom
2024-12-23 17:53:58,400 [Worker-98: Building] INFO  o.e.m.c.i.e.AbstractTransferListenerAdapter - Downloading https://repo.maven.apache.org/maven2/mysql/mysql-connector-java/8.0.33/mysql-connector-java-8.0.33.pom
2024-12-23 17:53:58,407 [Worker-98: Building] INFO  o.e.m.c.i.e.AbstractTransferListenerAdapter - Downloaded https://repo.maven.apache.org/maven2/mysql/mysql-connector-java/8.0.33/mysql-connector-java-8.0.33.pom
2024-12-23 17:53:58,442 [Worker-98: Building] INFO  o.e.m.c.i.e.AbstractTransferListenerAdapter - Downloading https://repo.maven.apache.org/maven2/com/mysql/mysql-connector-j/8.0.33/mysql-connector-j-8.0.33.pom
2024-12-23 17:53:58,451 [Worker-98: Building] INFO  o.e.m.c.i.e.AbstractTransferListenerAdapter - Downloaded https://repo.maven.apache.org/maven2/com/mysql/mysql-connector-j/8.0.33/mysql-connector-j-8.0.33.pom
2024-12-23 17:53:58,540 [Worker-98: Building] INFO  o.e.m.c.i.e.AbstractTransferListenerAdapter - Downloading https://repo.maven.apache.org/maven2/com/google/protobuf/protobuf-java/3.21.9/protobuf-java-3.21.9.pom
2024-12-23 17:53:58,567 [Worker-98: Building] INFO  o.e.m.c.i.e.AbstractTransferListenerAdapter - Downloaded https://repo.maven.apache.org/maven2/com/google/protobuf/protobuf-java/3.21.9/protobuf-java-3.21.9.pom
2024-12-23 17:53:58,620 [Worker-98: Building] INFO  o.e.m.c.i.e.AbstractTransferListenerAdapter - Downloading https://repo.maven.apache.org/maven2/com/google/protobuf/protobuf-parent/3.21.9/protobuf-parent-3.21.9.pom
2024-12-23 17:53:58,626 [Worker-98: Building] INFO  o.e.m.c.i.e.AbstractTransferListenerAdapter - Downloaded https://repo.maven.apache.org/maven2/com/google/protobuf/protobuf-parent/3.21.9/protobuf-parent-3.21.9.pom
2024-12-23 17:53:58,658 [Worker-98: Building] INFO  o.e.m.c.i.e.AbstractTransferListenerAdapter - Downloading https://repo.maven.apache.org/maven2/com/google/protobuf/protobuf-bom/3.21.9/protobuf-bom-3.21.9.pom
2024-12-23 17:53:58,665 [Worker-98: Building] INFO  o.e.m.c.i.e.AbstractTransferListenerAdapter - Downloaded https://repo.maven.apache.org/maven2/com/google/protobuf/protobuf-bom/3.21.9/protobuf-bom-3.21.9.pom
2024-12-23 17:53:58,696 [Worker-98: Building] INFO  o.e.m.c.i.e.AbstractTransferListenerAdapter - Downloading https://repo.maven.apache.org/maven2/org/junit/jupiter/junit-jupiter/5.10.0/junit-jupiter-5.10.0.pom
2024-12-23 17:53:58,705 [Worker-98: Building] INFO  o.e.m.c.i.e.AbstractTransferListenerAdapter - Downloaded https://repo.maven.apache.org/maven2/org/junit/jupiter/junit-jupiter/5.10.0/junit-jupiter-5.10.0.pom
2024-12-23 17:53:58,737 [Worker-98: Building] INFO  o.e.m.c.i.e.AbstractTransferListenerAdapter - Downloading https://repo.maven.apache.org/maven2/org/junit/jupiter/junit-jupiter-api/5.10.0/junit-jupiter-api-5.10.0.pom
2024-12-23 17:53:58,744 [Worker-98: Building] INFO  o.e.m.c.i.e.AbstractTransferListenerAdapter - Downloaded https://repo.maven.apache.org/maven2/org/junit/jupiter/junit-jupiter-api/5.10.0/junit-jupiter-api-5.10.0.pom
2024-12-23 17:53:58,773 [Worker-98: Building] INFO  o.e.m.c.i.e.AbstractTransferListenerAdapter - Downloading https://repo.maven.apache.org/maven2/org/opentest4j/opentest4j/1.3.0/opentest4j-1.3.0.pom
2024-12-23 17:53:58,783 [Worker-98: Building] INFO  o.e.m.c.i.e.AbstractTransferListenerAdapter - Downloaded https://repo.maven.apache.org/maven2/org/opentest4j/opentest4j/1.3.0/opentest4j-1.3.0.pom
2024-12-23 17:53:58,811 [Worker-98: Building] INFO  o.e.m.c.i.e.AbstractTransferListenerAdapter - Downloading https://repo.maven.apache.org/maven2/org/junit/platform/junit-platform-commons/1.10.0/junit-platform-commons-1.10.0.pom
2024-12-23 17:53:58,819 [Worker-98: Building] INFO  o.e.m.c.i.e.AbstractTransferListenerAdapter - Downloaded https://repo.maven.apache.org/maven2/org/junit/platform/junit-platform-commons/1.10.0/junit-platform-commons-1.10.0.pom
2024-12-23 17:53:58,876 [Worker-98: Building] INFO  o.e.m.c.i.e.AbstractTransferListenerAdapter - Downloading https://repo.maven.apache.org/maven2/org/junit/jupiter/junit-jupiter-params/5.10.0/junit-jupiter-params-5.10.0.pom
2024-12-23 17:53:58,884 [Worker-98: Building] INFO  o.e.m.c.i.e.AbstractTransferListenerAdapter - Downloaded https://repo.maven.apache.org/maven2/org/junit/jupiter/junit-jupiter-params/5.10.0/junit-jupiter-params-5.10.0.pom
2024-12-23 17:53:58,908 [Worker-98: Building] INFO  o.e.m.c.i.e.AbstractTransferListenerAdapter - Downloading https://repo.maven.apache.org/maven2/org/junit/jupiter/junit-jupiter-engine/5.10.0/junit-jupiter-engine-5.10.0.pom
2024-12-23 17:53:58,921 [Worker-98: Building] INFO  o.e.m.c.i.e.AbstractTransferListenerAdapter - Downloaded https://repo.maven.apache.org/maven2/org/junit/jupiter/junit-jupiter-engine/5.10.0/junit-jupiter-engine-5.10.0.pom
2024-12-23 17:53:58,952 [Worker-98: Building] INFO  o.e.m.c.i.e.AbstractTransferListenerAdapter - Downloading https://repo.maven.apache.org/maven2/org/junit/platform/junit-platform-engine/1.10.0/junit-platform-engine-1.10.0.pom
2024-12-23 17:53:58,966 [Worker-98: Building] INFO  o.e.m.c.i.e.AbstractTransferListenerAdapter - Downloaded https://repo.maven.apache.org/maven2/org/junit/platform/junit-platform-engine/1.10.0/junit-platform-engine-1.10.0.pom
2024-12-23 17:53:58,975 [Worker-98: Building] WARN  o.e.m.c.i.embedder.EclipseLogger - The artifact mysql:mysql-connector-java:jar:8.0.33 has been relocated to com.mysql:mysql-connector-j:jar:8.0.33: MySQL Connector/J artifacts moved to reverse-DNS compliant Maven 2+ coordinates.
2024-12-23 17:53:59,039 [Worker-98: Building] INFO  o.e.m.c.i.e.AbstractTransferListenerAdapter - Downloading https://repo.maven.apache.org/maven2/javax/servlet/jstl/1.2/jstl-1.2.jar
2024-12-23 17:53:59,127 [Worker-98: Building] INFO  o.e.m.c.i.e.AbstractTransferListenerAdapter - Downloaded https://repo.maven.apache.org/maven2/javax/servlet/jstl/1.2/jstl-1.2.jar
2024-12-23 17:53:59,148 [BasicRepositoryConnector-repo.maven.apache.org-2-3] INFO  o.e.m.c.i.e.AbstractTransferListenerAdapter - Downloading https://repo.maven.apache.org/maven2/org/junit/jupiter/junit-jupiter/5.10.0/junit-jupiter-5.10.0.jar
2024-12-23 17:53:59,150 [BasicRepositoryConnector-repo.maven.apache.org-2-4] INFO  o.e.m.c.i.e.AbstractTransferListenerAdapter - Downloading https://repo.maven.apache.org/maven2/org/junit/jupiter/junit-jupiter-api/5.10.0/junit-jupiter-api-5.10.0.jar
2024-12-23 17:53:59,150 [BasicRepositoryConnector-repo.maven.apache.org-2-0] INFO  o.e.m.c.i.e.AbstractTransferListenerAdapter - Downloading https://repo.maven.apache.org/maven2/javax/servlet/javax.servlet-api/4.0.1/javax.servlet-api-4.0.1.jar
2024-12-23 17:53:59,151 [BasicRepositoryConnector-repo.maven.apache.org-2-2] INFO  o.e.m.c.i.e.AbstractTransferListenerAdapter - Downloading https://repo.maven.apache.org/maven2/com/google/protobuf/protobuf-java/3.21.9/protobuf-java-3.21.9.jar
2024-12-23 17:53:59,157 [BasicRepositoryConnector-repo.maven.apache.org-2-1] INFO  o.e.m.c.i.e.AbstractTransferListenerAdapter - Downloading https://repo.maven.apache.org/maven2/com/mysql/mysql-connector-j/8.0.33/mysql-connector-j-8.0.33.jar
2024-12-23 17:53:59,162 [BasicRepositoryConnector-repo.maven.apache.org-2-3] INFO  o.e.m.c.i.e.AbstractTransferListenerAdapter - Downloaded https://repo.maven.apache.org/maven2/org/junit/jupiter/junit-jupiter/5.10.0/junit-jupiter-5.10.0.jar
2024-12-23 17:53:59,183 [BasicRepositoryConnector-repo.maven.apache.org-2-0] INFO  o.e.m.c.i.e.AbstractTransferListenerAdapter - Downloaded https://repo.maven.apache.org/maven2/javax/servlet/javax.servlet-api/4.0.1/javax.servlet-api-4.0.1.jar
2024-12-23 17:53:59,192 [BasicRepositoryConnector-repo.maven.apache.org-2-3] INFO  o.e.m.c.i.e.AbstractTransferListenerAdapter - Downloading https://repo.maven.apache.org/maven2/org/opentest4j/opentest4j/1.3.0/opentest4j-1.3.0.jar
2024-12-23 17:53:59,198 [BasicRepositoryConnector-repo.maven.apache.org-2-3] INFO  o.e.m.c.i.e.AbstractTransferListenerAdapter - Downloaded https://repo.maven.apache.org/maven2/org/opentest4j/opentest4j/1.3.0/opentest4j-1.3.0.jar
2024-12-23 17:53:59,212 [BasicRepositoryConnector-repo.maven.apache.org-2-0] INFO  o.e.m.c.i.e.AbstractTransferListenerAdapter - Downloading https://repo.maven.apache.org/maven2/org/junit/platform/junit-platform-commons/1.10.0/junit-platform-commons-1.10.0.jar
2024-12-23 17:53:59,225 [BasicRepositoryConnector-repo.maven.apache.org-2-3] INFO  o.e.m.c.i.e.AbstractTransferListenerAdapter - Downloading https://repo.maven.apache.org/maven2/org/junit/jupiter/junit-jupiter-params/5.10.0/junit-jupiter-params-5.10.0.jar
2024-12-23 17:53:59,225 [BasicRepositoryConnector-repo.maven.apache.org-2-4] INFO  o.e.m.c.i.e.AbstractTransferListenerAdapter - Downloaded https://repo.maven.apache.org/maven2/org/junit/jupiter/junit-jupiter-api/5.10.0/junit-jupiter-api-5.10.0.jar
2024-12-23 17:53:59,232 [BasicRepositoryConnector-repo.maven.apache.org-2-0] INFO  o.e.m.c.i.e.AbstractTransferListenerAdapter - Downloaded https://repo.maven.apache.org/maven2/org/junit/platform/junit-platform-commons/1.10.0/junit-platform-commons-1.10.0.jar
2024-12-23 17:53:59,262 [BasicRepositoryConnector-repo.maven.apache.org-2-4] INFO  o.e.m.c.i.e.AbstractTransferListenerAdapter - Downloading https://repo.maven.apache.org/maven2/org/junit/jupiter/junit-jupiter-engine/5.10.0/junit-jupiter-engine-5.10.0.jar
2024-12-23 17:53:59,272 [BasicRepositoryConnector-repo.maven.apache.org-2-0] INFO  o.e.m.c.i.e.AbstractTransferListenerAdapter - Downloading https://repo.maven.apache.org/maven2/org/junit/platform/junit-platform-engine/1.10.0/junit-platform-engine-1.10.0.jar
2024-12-23 17:53:59,388 [BasicRepositoryConnector-repo.maven.apache.org-2-3] INFO  o.e.m.c.i.e.AbstractTransferListenerAdapter - Downloaded https://repo.maven.apache.org/maven2/org/junit/jupiter/junit-jupiter-params/5.10.0/junit-jupiter-params-5.10.0.jar
2024-12-23 17:53:59,404 [BasicRepositoryConnector-repo.maven.apache.org-2-4] INFO  o.e.m.c.i.e.AbstractTransferListenerAdapter - Downloaded https://repo.maven.apache.org/maven2/org/junit/jupiter/junit-jupiter-engine/5.10.0/junit-jupiter-engine-5.10.0.jar
2024-12-23 17:53:59,405 [BasicRepositoryConnector-repo.maven.apache.org-2-0] INFO  o.e.m.c.i.e.AbstractTransferListenerAdapter - Downloaded https://repo.maven.apache.org/maven2/org/junit/platform/junit-platform-engine/1.10.0/junit-platform-engine-1.10.0.jar
2024-12-23 17:53:59,487 [BasicRepositoryConnector-repo.maven.apache.org-2-2] INFO  o.e.m.c.i.e.AbstractTransferListenerAdapter - Downloaded https://repo.maven.apache.org/maven2/com/google/protobuf/protobuf-java/3.21.9/protobuf-java-3.21.9.jar
2024-12-23 17:53:59,960 [BasicRepositoryConnector-repo.maven.apache.org-2-1] INFO  o.e.m.c.i.e.AbstractTransferListenerAdapter - Downloaded https://repo.maven.apache.org/maven2/com/mysql/mysql-connector-j/8.0.33/mysql-connector-j-8.0.33.jar
2024-12-23 17:54:00,064 [Worker-98: Building] WARN  o.e.m.c.i.embedder.EclipseLogger - The artifact mysql:mysql-connector-java:jar:8.0.33 has been relocated to com.mysql:mysql-connector-j:jar:8.0.33: MySQL Connector/J artifacts moved to reverse-DNS compliant Maven 2+ coordinates.
2024-12-23 17:54:01,260 [Worker-98: Building] WARN  o.a.m.s.f.DefaultMavenResourcesFiltering - Using platform encoding (UTF-8 actually) to copy filtered resources, i.e. build is platform dependent!
2024-12-23 17:54:01,267 [Worker-98: Building] INFO  o.a.m.s.f.DefaultMavenResourcesFiltering - Copying 0 resource from src\main\resources to target\classes
2024-12-23 17:54:01,274 [Worker-98: Building] WARN  o.a.m.s.f.DefaultMavenResourcesFiltering - Using platform encoding (UTF-8 actually) to copy filtered resources, i.e. build is platform dependent!
2024-12-23 17:54:01,278 [Worker-98: Building] INFO  o.a.m.s.f.DefaultMavenResourcesFiltering - skip non existing resourceDirectory C:\Users\dac.STUDENTSDC\Desktop\Tejas\J2EE\Spring\springmvc\src\test\resources
2024-12-23 17:54:01,279 [Worker-98: Building] INFO  o.e.m.w.i.f.ResourceFilteringBuildParticipant - Changed resources require a complete clean of filtered resources of springmvc
2024-12-23 17:54:01,279 [Worker-98: Building] INFO  o.e.m.w.i.f.ResourceFilteringBuildParticipant - Executing resource filtering for springmvc
2024-12-23 17:54:01,770 [Worker-98: Updating Maven Project] INFO  o.e.m.c.i.p.ProjectConfigurationManager - Update started
2024-12-23 17:54:02,339 [Worker-100: Download sources and javadoc] INFO  o.e.m.c.i.e.AbstractTransferListenerAdapter - Downloading https://repo.maven.apache.org/maven2/javax/servlet/jstl/1.2/jstl-1.2-sources.jar
2024-12-23 17:54:02,434 [Worker-100: Download sources and javadoc] INFO  o.e.m.c.i.e.AbstractTransferListenerAdapter - Downloaded https://repo.maven.apache.org/maven2/javax/servlet/jstl/1.2/jstl-1.2-sources.jar
2024-12-23 17:54:02,449 [Worker-100: Download sources and javadoc] INFO  o.e.m.j.internal.DownloadSourcesJob - Downloaded sources for javax.servlet:jstl:1.2
2024-12-23 17:54:02,553 [Worker-100: Download sources and javadoc] INFO  o.e.m.c.i.e.AbstractTransferListenerAdapter - Downloading https://repo.maven.apache.org/maven2/javax/servlet/javax.servlet-api/4.0.1/javax.servlet-api-4.0.1-sources.jar
2024-12-23 17:54:02,617 [Worker-100: Download sources and javadoc] INFO  o.e.m.c.i.e.AbstractTransferListenerAdapter - Downloaded https://repo.maven.apache.org/maven2/javax/servlet/javax.servlet-api/4.0.1/javax.servlet-api-4.0.1-sources.jar
2024-12-23 17:54:02,628 [Worker-100: Download sources and javadoc] INFO  o.e.m.j.internal.DownloadSourcesJob - Downloaded sources for javax.servlet:javax.servlet-api:4.0.1
2024-12-23 17:54:02,722 [Worker-100: Download sources and javadoc] INFO  o.e.m.c.i.e.AbstractTransferListenerAdapter - Downloading https://repo.maven.apache.org/maven2/com/mysql/mysql-connector-j/8.0.33/mysql-connector-j-8.0.33-sources.jar
2024-12-23 17:54:02,843 [Worker-98: Updating Maven Project] INFO  o.e.m.c.i.l.LifecycleMappingFactory - Using org.maven.ide.eclipse.wtp.WarLifecycleMapping lifecycle mapping for MavenProject: fi:springmvc:0.0.1-SNAPSHOT @ C:\Users\dac.STUDENTSDC\Desktop\Tejas\J2EE\Spring\springmvc\pom.xml.
2024-12-23 17:54:02,931 [Worker-100: Download sources and javadoc] INFO  o.e.m.c.i.e.AbstractTransferListenerAdapter - Downloaded https://repo.maven.apache.org/maven2/com/mysql/mysql-connector-j/8.0.33/mysql-connector-j-8.0.33-sources.jar
2024-12-23 17:54:02,943 [Worker-100: Download sources and javadoc] INFO  o.e.m.j.internal.DownloadSourcesJob - Downloaded sources for com.mysql:mysql-connector-j:8.0.33
2024-12-23 17:54:03,040 [Worker-100: Download sources and javadoc] INFO  o.e.m.c.i.e.AbstractTransferListenerAdapter - Downloading https://repo.maven.apache.org/maven2/com/google/protobuf/protobuf-java/3.21.9/protobuf-java-3.21.9-sources.jar
2024-12-23 17:54:03,153 [Worker-100: Download sources and javadoc] INFO  o.e.m.c.i.e.AbstractTransferListenerAdapter - Downloaded https://repo.maven.apache.org/maven2/com/google/protobuf/protobuf-java/3.21.9/protobuf-java-3.21.9-sources.jar
2024-12-23 17:54:03,165 [Worker-100: Download sources and javadoc] INFO  o.e.m.j.internal.DownloadSourcesJob - Downloaded sources for com.google.protobuf:protobuf-java:3.21.9
2024-12-23 17:54:03,253 [Worker-100: Download sources and javadoc] INFO  o.e.m.c.i.e.AbstractTransferListenerAdapter - Downloading https://repo.maven.apache.org/maven2/org/junit/jupiter/junit-jupiter/5.10.0/junit-jupiter-5.10.0-sources.jar
2024-12-23 17:54:03,264 [Worker-100: Download sources and javadoc] INFO  o.e.m.c.i.e.AbstractTransferListenerAdapter - Downloaded https://repo.maven.apache.org/maven2/org/junit/jupiter/junit-jupiter/5.10.0/junit-jupiter-5.10.0-sources.jar
2024-12-23 17:54:03,271 [Worker-100: Download sources and javadoc] INFO  o.e.m.j.internal.DownloadSourcesJob - Downloaded sources for org.junit.jupiter:junit-jupiter:5.10.0
2024-12-23 17:54:03,354 [Worker-100: Download sources and javadoc] INFO  o.e.m.c.i.e.AbstractTransferListenerAdapter - Downloading https://repo.maven.apache.org/maven2/org/junit/jupiter/junit-jupiter-api/5.10.0/junit-jupiter-api-5.10.0-sources.jar
2024-12-23 17:54:03,421 [Worker-100: Download sources and javadoc] INFO  o.e.m.c.i.e.AbstractTransferListenerAdapter - Downloaded https://repo.maven.apache.org/maven2/org/junit/jupiter/junit-jupiter-api/5.10.0/junit-jupiter-api-5.10.0-sources.jar
2024-12-23 17:54:03,437 [Worker-100: Download sources and javadoc] INFO  o.e.m.j.internal.DownloadSourcesJob - Downloaded sources for org.junit.jupiter:junit-jupiter-api:5.10.0
2024-12-23 17:54:03,470 [Worker-98: Updating Maven Project] WARN  o.e.m.c.i.embedder.EclipseLogger - The artifact mysql:mysql-connector-java:jar:8.0.33 has been relocated to com.mysql:mysql-connector-j:jar:8.0.33: MySQL Connector/J artifacts moved to reverse-DNS compliant Maven 2+ coordinates.
2024-12-23 17:54:03,513 [Worker-100: Download sources and javadoc] INFO  o.e.m.c.i.e.AbstractTransferListenerAdapter - Downloading https://repo.maven.apache.org/maven2/org/opentest4j/opentest4j/1.3.0/opentest4j-1.3.0-sources.jar
2024-12-23 17:54:03,534 [Worker-100: Download sources and javadoc] INFO  o.e.m.c.i.e.AbstractTransferListenerAdapter - Downloaded https://repo.maven.apache.org/maven2/org/opentest4j/opentest4j/1.3.0/opentest4j-1.3.0-sources.jar
2024-12-23 17:54:03,541 [Worker-100: Download sources and javadoc] INFO  o.e.m.j.internal.DownloadSourcesJob - Downloaded sources for org.opentest4j:opentest4j:1.3.0
2024-12-23 17:54:03,634 [Worker-100: Download sources and javadoc] INFO  o.e.m.c.i.e.AbstractTransferListenerAdapter - Downloading https://repo.maven.apache.org/maven2/org/junit/platform/junit-platform-commons/1.10.0/junit-platform-commons-1.10.0-sources.jar
2024-12-23 17:54:03,643 [Worker-98: Updating Maven Project] WARN  o.e.m.c.i.embedder.EclipseLogger - The artifact mysql:mysql-connector-java:jar:8.0.33 has been relocated to com.mysql:mysql-connector-j:jar:8.0.33: MySQL Connector/J artifacts moved to reverse-DNS compliant Maven 2+ coordinates.
2024-12-23 17:54:03,666 [Worker-100: Download sources and javadoc] INFO  o.e.m.c.i.e.AbstractTransferListenerAdapter - Downloaded https://repo.maven.apache.org/maven2/org/junit/platform/junit-platform-commons/1.10.0/junit-platform-commons-1.10.0-sources.jar
2024-12-23 17:54:03,679 [Worker-100: Download sources and javadoc] INFO  o.e.m.j.internal.DownloadSourcesJob - Downloaded sources for org.junit.platform:junit-platform-commons:1.10.0
2024-12-23 17:54:03,773 [Worker-100: Download sources and javadoc] INFO  o.e.m.c.i.e.AbstractTransferListenerAdapter - Downloading https://repo.maven.apache.org/maven2/org/junit/jupiter/junit-jupiter-params/5.10.0/junit-jupiter-params-5.10.0-sources.jar
2024-12-23 17:54:03,798 [Worker-100: Download sources and javadoc] INFO  o.e.m.c.i.e.AbstractTransferListenerAdapter - Downloaded https://repo.maven.apache.org/maven2/org/junit/jupiter/junit-jupiter-params/5.10.0/junit-jupiter-params-5.10.0-sources.jar
2024-12-23 17:54:03,805 [Worker-100: Download sources and javadoc] INFO  o.e.m.j.internal.DownloadSourcesJob - Downloaded sources for org.junit.jupiter:junit-jupiter-params:5.10.0
2024-12-23 17:54:03,886 [Worker-100: Download sources and javadoc] INFO  o.e.m.c.i.e.AbstractTransferListenerAdapter - Downloading https://repo.maven.apache.org/maven2/org/junit/jupiter/junit-jupiter-engine/5.10.0/junit-jupiter-engine-5.10.0-sources.jar
2024-12-23 17:54:03,919 [Worker-100: Download sources and javadoc] INFO  o.e.m.c.i.e.AbstractTransferListenerAdapter - Downloaded https://repo.maven.apache.org/maven2/org/junit/jupiter/junit-jupiter-engine/5.10.0/junit-jupiter-engine-5.10.0-sources.jar
2024-12-23 17:54:03,929 [Worker-100: Download sources and javadoc] INFO  o.e.m.j.internal.DownloadSourcesJob - Downloaded sources for org.junit.jupiter:junit-jupiter-engine:5.10.0
2024-12-23 17:54:04,021 [Worker-100: Download sources and javadoc] INFO  o.e.m.c.i.e.AbstractTransferListenerAdapter - Downloading https://repo.maven.apache.org/maven2/org/junit/platform/junit-platform-engine/1.10.0/junit-platform-engine-1.10.0-sources.jar
2024-12-23 17:54:04,097 [Worker-100: Download sources and javadoc] INFO  o.e.m.c.i.e.AbstractTransferListenerAdapter - Downloaded https://repo.maven.apache.org/maven2/org/junit/platform/junit-platform-engine/1.10.0/junit-platform-engine-1.10.0-sources.jar
2024-12-23 17:54:04,113 [Worker-100: Download sources and javadoc] INFO  o.e.m.j.internal.DownloadSourcesJob - Downloaded sources for org.junit.platform:junit-platform-engine:1.10.0
2024-12-23 17:54:04,998 [Worker-98: Updating Maven Project] INFO  o.e.m.j.i.AbstractJavaProjectConfigurator - Adding source folder /springmvc/src/main/java
2024-12-23 17:54:05,008 [Worker-98: Updating Maven Project] INFO  o.e.m.j.i.AbstractJavaProjectConfigurator - Adding resource folder /springmvc/src/main/resources
2024-12-23 17:54:05,011 [Worker-98: Updating Maven Project] INFO  o.e.m.j.i.AbstractJavaProjectConfigurator - Adding source folder /springmvc/src/test/java
2024-12-23 17:54:05,015 [Worker-98: Updating Maven Project] INFO  o.e.m.j.i.AbstractJavaProjectConfigurator - Adding resource folder /springmvc/src/test/resources
2024-12-23 17:54:06,386 [Worker-98: Updating Maven Project] INFO  o.e.m.w.i.f.ResourceFilteringBuildParticipant - Cleaning filtered folder for springmvc
2024-12-23 17:54:06,523 [Worker-98: Updating Maven Project] INFO  o.e.m.c.i.p.ProjectConfigurationManager - Update completed for 1 poms: local refresh takes 0.00 sec, refresh facades takes 3.00 sec, update config takes 1.00 sec 
2024-12-23 17:54:07,104 [Worker-99: Building Project springmvc] WARN  o.a.m.s.f.DefaultMavenResourcesFiltering - Using platform encoding (UTF-8 actually) to copy filtered resources, i.e. build is platform dependent!
2024-12-23 17:54:07,110 [Worker-99: Building Project springmvc] INFO  o.a.m.s.f.DefaultMavenResourcesFiltering - Copying 3 resources from src\main\resources to target\classes
2024-12-23 17:54:07,129 [Worker-99: Building Project springmvc] WARN  o.a.m.s.f.DefaultMavenResourcesFiltering - Using platform encoding (UTF-8 actually) to copy filtered resources, i.e. build is platform dependent!
2024-12-23 17:54:07,132 [Worker-99: Building Project springmvc] INFO  o.a.m.s.f.DefaultMavenResourcesFiltering - skip non existing resourceDirectory C:\Users\dac.STUDENTSDC\Desktop\Tejas\J2EE\Spring\springmvc\src\test\resources
2024-12-23 17:54:07,132 [Worker-99: Building Project springmvc] INFO  o.e.m.w.i.f.ResourceFilteringBuildParticipant - Changed resources require a complete clean of filtered resources of springmvc
2024-12-23 17:54:07,133 [Worker-99: Building Project springmvc] INFO  o.e.m.w.i.f.ResourceFilteringBuildParticipant - Executing resource filtering for springmvc
2024-12-23 17:54:19,732 [Worker-98: Updating Maven Project] INFO  o.e.m.c.i.p.ProjectConfigurationManager - Update started
2024-12-23 17:54:20,308 [Worker-98: Updating Maven Project] INFO  o.e.m.c.i.l.LifecycleMappingFactory - Using org.maven.ide.eclipse.wtp.WarLifecycleMapping lifecycle mapping for MavenProject: fi:springmvc:0.0.1-SNAPSHOT @ C:\Users\dac.STUDENTSDC\Desktop\Tejas\J2EE\Spring\springmvc\pom.xml.
2024-12-23 17:54:20,393 [Worker-98: Updating Maven Project] WARN  o.e.m.c.i.embedder.EclipseLogger - The artifact mysql:mysql-connector-java:jar:8.0.33 has been relocated to com.mysql:mysql-connector-j:jar:8.0.33: MySQL Connector/J artifacts moved to reverse-DNS compliant Maven 2+ coordinates.
2024-12-23 17:54:20,696 [Worker-98: Updating Maven Project] INFO  o.e.m.c.i.l.LifecycleMappingFactory - Using org.maven.ide.eclipse.wtp.WarLifecycleMapping lifecycle mapping for MavenProject: fi.com:SpringMVC1:0.0.1-SNAPSHOT @ C:\Users\dac.STUDENTSDC\Desktop\Tejas\J2EE\Spring\SpringMVC1\pom.xml.
2024-12-23 17:54:22,194 [Worker-98: Updating Maven Project] INFO  o.e.m.j.i.AbstractJavaProjectConfigurator - Adding source folder /springmvc/src/main/java
2024-12-23 17:54:22,195 [Worker-98: Updating Maven Project] INFO  o.e.m.j.i.AbstractJavaProjectConfigurator - Adding resource folder /springmvc/src/main/resources
2024-12-23 17:54:22,196 [Worker-98: Updating Maven Project] INFO  o.e.m.j.i.AbstractJavaProjectConfigurator - Adding source folder /springmvc/src/test/java
2024-12-23 17:54:22,197 [Worker-98: Updating Maven Project] INFO  o.e.m.j.i.AbstractJavaProjectConfigurator - Adding resource folder /springmvc/src/test/resources
2024-12-23 17:54:22,580 [Worker-98: Updating Maven Project] INFO  o.e.m.w.i.f.ResourceFilteringBuildParticipant - Cleaning filtered folder for springmvc
2024-12-23 17:54:22,646 [Worker-98: Updating Maven Project] INFO  o.e.m.c.i.p.ProjectConfigurationManager - Update completed for 1 poms: local refresh takes 0.00 sec, refresh facades takes 2.00 sec, update config takes 0.00 sec 
2024-12-23 17:54:23,016 [Worker-100: Building] WARN  o.a.m.s.f.DefaultMavenResourcesFiltering - Using platform encoding (UTF-8 actually) to copy filtered resources, i.e. build is platform dependent!
2024-12-23 17:54:23,023 [Worker-100: Building] INFO  o.a.m.s.f.DefaultMavenResourcesFiltering - Copying 3 resources from src\main\resources to target\classes
2024-12-23 17:54:23,063 [Worker-100: Building] WARN  o.a.m.s.f.DefaultMavenResourcesFiltering - Using platform encoding (UTF-8 actually) to copy filtered resources, i.e. build is platform dependent!
2024-12-23 17:54:23,068 [Worker-100: Building] INFO  o.a.m.s.f.DefaultMavenResourcesFiltering - skip non existing resourceDirectory C:\Users\dac.STUDENTSDC\Desktop\Tejas\J2EE\Spring\springmvc\src\test\resources
2024-12-23 17:54:23,070 [Worker-100: Building] INFO  o.e.m.w.i.f.ResourceFilteringBuildParticipant - Changed resources require a complete clean of filtered resources of springmvc
2024-12-23 17:54:23,070 [Worker-100: Building] INFO  o.e.m.w.i.f.ResourceFilteringBuildParticipant - Executing resource filtering for springmvc
2024-12-23 17:56:00,538 [Worker-100: Updating Maven Project] INFO  o.e.m.c.i.p.ProjectConfigurationManager - Update started
2024-12-23 17:56:00,972 [Worker-100: Updating Maven Project] INFO  o.e.m.c.i.l.LifecycleMappingFactory - Using org.maven.ide.eclipse.wtp.WarLifecycleMapping lifecycle mapping for MavenProject: fi:springmvc:0.0.1-SNAPSHOT @ C:\Users\dac.STUDENTSDC\Desktop\Tejas\J2EE\Spring\springmvc\pom.xml.
2024-12-23 17:56:01,002 [Worker-100: Updating Maven Project] WARN  o.e.m.c.i.embedder.EclipseLogger - The artifact mysql:mysql-connector-java:jar:8.0.33 has been relocated to com.mysql:mysql-connector-j:jar:8.0.33: MySQL Connector/J artifacts moved to reverse-DNS compliant Maven 2+ coordinates.
2024-12-23 17:56:01,351 [Worker-100: Updating Maven Project] INFO  o.e.m.j.i.AbstractJavaProjectConfigurator - Adding source folder /springmvc/src/main/java
2024-12-23 17:56:01,351 [Worker-100: Updating Maven Project] INFO  o.e.m.j.i.AbstractJavaProjectConfigurator - Adding resource folder /springmvc/src/main/resources
2024-12-23 17:56:01,351 [Worker-100: Updating Maven Project] INFO  o.e.m.j.i.AbstractJavaProjectConfigurator - Adding source folder /springmvc/src/test/java
2024-12-23 17:56:01,351 [Worker-100: Updating Maven Project] INFO  o.e.m.j.i.AbstractJavaProjectConfigurator - Adding resource folder /springmvc/src/test/resources
2024-12-23 17:56:01,533 [Worker-100: Updating Maven Project] INFO  o.e.m.w.i.f.ResourceFilteringBuildParticipant - Cleaning filtered folder for springmvc
2024-12-23 17:56:01,600 [Worker-100: Updating Maven Project] INFO  o.e.m.c.i.p.ProjectConfigurationManager - Update completed for 1 poms: local refresh takes 0.00 sec, refresh facades takes 0.00 sec, update config takes 0.00 sec 
2024-12-23 17:56:01,833 [Worker-101: Building] WARN  o.a.m.s.f.DefaultMavenResourcesFiltering - Using platform encoding (UTF-8 actually) to copy filtered resources, i.e. build is platform dependent!
2024-12-23 17:56:01,835 [Worker-101: Building] INFO  o.a.m.s.f.DefaultMavenResourcesFiltering - Copying 3 resources from src\main\resources to target\classes
2024-12-23 17:56:01,849 [Worker-101: Building] WARN  o.a.m.s.f.DefaultMavenResourcesFiltering - Using platform encoding (UTF-8 actually) to copy filtered resources, i.e. build is platform dependent!
2024-12-23 17:56:01,850 [Worker-101: Building] INFO  o.a.m.s.f.DefaultMavenResourcesFiltering - skip non existing resourceDirectory C:\Users\dac.STUDENTSDC\Desktop\Tejas\J2EE\Spring\springmvc\src\test\resources
2024-12-23 17:56:01,850 [Worker-101: Building] INFO  o.e.m.w.i.f.ResourceFilteringBuildParticipant - Changed resources require a complete clean of filtered resources of springmvc
2024-12-23 17:56:01,850 [Worker-101: Building] INFO  o.e.m.w.i.f.ResourceFilteringBuildParticipant - Executing resource filtering for springmvc
2024-12-23 17:58:15,550 [Worker-103: Building] WARN  o.a.m.s.f.DefaultMavenResourcesFiltering - Using platform encoding (UTF-8 actually) to copy filtered resources, i.e. build is platform dependent!
2024-12-23 17:58:15,555 [Worker-103: Building] INFO  o.a.m.s.f.DefaultMavenResourcesFiltering - Copying 0 resource from src\main\resources to target\classes
2024-12-23 17:58:15,562 [Worker-103: Building] WARN  o.a.m.s.f.DefaultMavenResourcesFiltering - Using platform encoding (UTF-8 actually) to copy filtered resources, i.e. build is platform dependent!
2024-12-23 17:58:15,564 [Worker-103: Building] INFO  o.a.m.s.f.DefaultMavenResourcesFiltering - skip non existing resourceDirectory C:\Users\dac.STUDENTSDC\Desktop\Tejas\J2EE\Spring\springmvc\src\test\resources
2024-12-23 17:58:29,357 [Worker-104: Updating Maven Project] INFO  o.e.m.c.i.p.ProjectConfigurationManager - Update started
2024-12-23 17:58:29,755 [Worker-104: Updating Maven Project] INFO  o.e.m.c.i.l.LifecycleMappingFactory - Using org.maven.ide.eclipse.wtp.WarLifecycleMapping lifecycle mapping for MavenProject: fi:springmvc:0.0.1-SNAPSHOT @ C:\Users\dac.STUDENTSDC\Desktop\Tejas\J2EE\Spring\springmvc\pom.xml.
2024-12-23 17:58:29,781 [Worker-104: Updating Maven Project] WARN  o.e.m.c.i.embedder.EclipseLogger - The artifact mysql:mysql-connector-java:jar:8.0.33 has been relocated to com.mysql:mysql-connector-j:jar:8.0.33: MySQL Connector/J artifacts moved to reverse-DNS compliant Maven 2+ coordinates.
2024-12-23 17:58:30,192 [Worker-104: Updating Maven Project] INFO  o.e.m.j.i.AbstractJavaProjectConfigurator - Adding source folder /springmvc/src/main/java
2024-12-23 17:58:30,193 [Worker-104: Updating Maven Project] INFO  o.e.m.j.i.AbstractJavaProjectConfigurator - Adding resource folder /springmvc/src/main/resources
2024-12-23 17:58:30,193 [Worker-104: Updating Maven Project] INFO  o.e.m.j.i.AbstractJavaProjectConfigurator - Adding source folder /springmvc/src/test/java
2024-12-23 17:58:30,193 [Worker-104: Updating Maven Project] INFO  o.e.m.j.i.AbstractJavaProjectConfigurator - Adding resource folder /springmvc/src/test/resources
2024-12-23 17:58:30,419 [Worker-104: Updating Maven Project] INFO  o.e.m.w.i.f.ResourceFilteringBuildParticipant - Cleaning filtered folder for springmvc
2024-12-23 17:58:30,460 [Worker-104: Updating Maven Project] INFO  o.e.m.c.i.p.ProjectConfigurationManager - Update completed for 1 poms: local refresh takes 0.00 sec, refresh facades takes 0.00 sec, update config takes 0.00 sec 
2024-12-23 17:58:30,651 [Worker-100: Building] WARN  o.a.m.s.f.DefaultMavenResourcesFiltering - Using platform encoding (UTF-8 actually) to copy filtered resources, i.e. build is platform dependent!
2024-12-23 17:58:30,652 [Worker-100: Building] INFO  o.a.m.s.f.DefaultMavenResourcesFiltering - Copying 3 resources from src\main\resources to target\classes
2024-12-23 17:58:30,711 [Worker-100: Building] WARN  o.a.m.s.f.DefaultMavenResourcesFiltering - Using platform encoding (UTF-8 actually) to copy filtered resources, i.e. build is platform dependent!
2024-12-23 17:58:30,713 [Worker-100: Building] INFO  o.a.m.s.f.DefaultMavenResourcesFiltering - skip non existing resourceDirectory C:\Users\dac.STUDENTSDC\Desktop\Tejas\J2EE\Spring\springmvc\src\test\resources
2024-12-23 17:58:30,713 [Worker-100: Building] INFO  o.e.m.w.i.f.ResourceFilteringBuildParticipant - Changed resources require a complete clean of filtered resources of springmvc
2024-12-23 17:58:30,713 [Worker-100: Building] INFO  o.e.m.w.i.f.ResourceFilteringBuildParticipant - Executing resource filtering for springmvc
2024-12-23 18:03:09,276 [Worker-99: Building] WARN  o.a.m.s.f.DefaultMavenResourcesFiltering - Using platform encoding (UTF-8 actually) to copy filtered resources, i.e. build is platform dependent!
2024-12-23 18:03:09,278 [Worker-99: Building] INFO  o.a.m.s.f.DefaultMavenResourcesFiltering - Copying 0 resource from src\main\resources to target\classes
2024-12-23 18:03:09,280 [Worker-99: Building] WARN  o.a.m.s.f.DefaultMavenResourcesFiltering - Using platform encoding (UTF-8 actually) to copy filtered resources, i.e. build is platform dependent!
2024-12-23 18:03:09,281 [Worker-99: Building] INFO  o.a.m.s.f.DefaultMavenResourcesFiltering - skip non existing resourceDirectory C:\Users\dac.STUDENTSDC\Desktop\Tejas\J2EE\Spring\springmvc\src\test\resources
2024-12-23 18:05:43,732 [Worker-95: Building] INFO  o.e.m.c.i.l.LifecycleMappingFactory - Using org.maven.ide.eclipse.wtp.WarLifecycleMapping lifecycle mapping for MavenProject: fi:springmvc:0.0.1-SNAPSHOT @ C:\Users\dac.STUDENTSDC\Desktop\Tejas\J2EE\Spring\springmvc\pom.xml.
2024-12-23 18:05:44,899 [Worker-95: Building] WARN  o.a.m.s.f.DefaultMavenResourcesFiltering - Using platform encoding (UTF-8 actually) to copy filtered resources, i.e. build is platform dependent!
2024-12-23 18:05:44,906 [Worker-95: Building] INFO  o.a.m.s.f.DefaultMavenResourcesFiltering - Copying 0 resource from src\main\resources to target\classes
2024-12-23 18:05:44,923 [Worker-95: Building] WARN  o.a.m.s.f.DefaultMavenResourcesFiltering - Using platform encoding (UTF-8 actually) to copy filtered resources, i.e. build is platform dependent!
2024-12-23 18:05:44,927 [Worker-95: Building] INFO  o.a.m.s.f.DefaultMavenResourcesFiltering - skip non existing resourceDirectory C:\Users\dac.STUDENTSDC\Desktop\Tejas\J2EE\Spring\springmvc\src\test\resources
2024-12-23 18:05:44,929 [Worker-95: Building] INFO  o.e.m.w.i.f.ResourceFilteringBuildParticipant - Changed resources require a complete clean of filtered resources of springmvc
2024-12-23 18:05:44,929 [Worker-95: Building] INFO  o.e.m.w.i.f.ResourceFilteringBuildParticipant - Executing resource filtering for springmvc
2024-12-23 18:05:47,089 [Worker-100: Building] WARN  o.a.m.s.f.DefaultMavenResourcesFiltering - Using platform encoding (UTF-8 actually) to copy filtered resources, i.e. build is platform dependent!
2024-12-23 18:05:47,098 [Worker-100: Building] INFO  o.a.m.s.f.DefaultMavenResourcesFiltering - Copying 3 resources from src\main\resources to target\classes
2024-12-23 18:05:47,121 [Worker-100: Building] WARN  o.a.m.s.f.DefaultMavenResourcesFiltering - Using platform encoding (UTF-8 actually) to copy filtered resources, i.e. build is platform dependent!
2024-12-23 18:05:47,124 [Worker-100: Building] INFO  o.a.m.s.f.DefaultMavenResourcesFiltering - skip non existing resourceDirectory C:\Users\dac.STUDENTSDC\Desktop\Tejas\J2EE\Spring\springmvc\src\test\resources
2024-12-23 18:06:04,876 [Worker-102: Building] INFO  o.e.m.c.i.l.LifecycleMappingFactory - Using org.maven.ide.eclipse.wtp.WarLifecycleMapping lifecycle mapping for MavenProject: fi:springmvc:0.0.1-SNAPSHOT @ C:\Users\dac.STUDENTSDC\Desktop\Tejas\J2EE\Spring\springmvc\pom.xml.
2024-12-23 18:06:04,988 [Worker-102: Building] INFO  o.e.m.c.i.e.AbstractTransferListenerAdapter - Downloading https://repo.maven.apache.org/maven2/org/springframework/spring-jdbc/5.3.22/spring-jdbc-5.3.22.pom
2024-12-23 18:06:04,999 [Worker-102: Building] INFO  o.e.m.c.i.e.AbstractTransferListenerAdapter - Downloaded https://repo.maven.apache.org/maven2/org/springframework/spring-jdbc/5.3.22/spring-jdbc-5.3.22.pom
2024-12-23 18:06:05,023 [Worker-102: Building] INFO  o.e.m.c.i.e.AbstractTransferListenerAdapter - Downloading https://repo.maven.apache.org/maven2/org/springframework/spring-beans/5.3.22/spring-beans-5.3.22.pom
2024-12-23 18:06:05,034 [Worker-102: Building] INFO  o.e.m.c.i.e.AbstractTransferListenerAdapter - Downloaded https://repo.maven.apache.org/maven2/org/springframework/spring-beans/5.3.22/spring-beans-5.3.22.pom
2024-12-23 18:06:05,060 [Worker-102: Building] INFO  o.e.m.c.i.e.AbstractTransferListenerAdapter - Downloading https://repo.maven.apache.org/maven2/org/springframework/spring-core/5.3.22/spring-core-5.3.22.pom
2024-12-23 18:06:05,071 [Worker-102: Building] INFO  o.e.m.c.i.e.AbstractTransferListenerAdapter - Downloaded https://repo.maven.apache.org/maven2/org/springframework/spring-core/5.3.22/spring-core-5.3.22.pom
2024-12-23 18:06:05,089 [Worker-102: Building] INFO  o.e.m.c.i.e.AbstractTransferListenerAdapter - Downloading https://repo.maven.apache.org/maven2/org/springframework/spring-jcl/5.3.22/spring-jcl-5.3.22.pom
2024-12-23 18:06:05,092 [Worker-102: Building] INFO  o.e.m.c.i.e.AbstractTransferListenerAdapter - Downloaded https://repo.maven.apache.org/maven2/org/springframework/spring-jcl/5.3.22/spring-jcl-5.3.22.pom
2024-12-23 18:06:05,119 [Worker-102: Building] INFO  o.e.m.c.i.e.AbstractTransferListenerAdapter - Downloading https://repo.maven.apache.org/maven2/org/springframework/spring-tx/5.3.22/spring-tx-5.3.22.pom
2024-12-23 18:06:05,122 [Worker-102: Building] INFO  o.e.m.c.i.e.AbstractTransferListenerAdapter - Downloaded https://repo.maven.apache.org/maven2/org/springframework/spring-tx/5.3.22/spring-tx-5.3.22.pom
2024-12-23 18:06:05,240 [Worker-102: Building] INFO  o.e.m.c.i.e.AbstractTransferListenerAdapter - Downloading https://repo.maven.apache.org/maven2/org/springframework/spring-jdbc/5.3.22/spring-jdbc-5.3.22.jar
2024-12-23 18:06:05,292 [Worker-102: Building] INFO  o.e.m.c.i.e.AbstractTransferListenerAdapter - Downloaded https://repo.maven.apache.org/maven2/org/springframework/spring-jdbc/5.3.22/spring-jdbc-5.3.22.jar
2024-12-23 18:06:05,309 [BasicRepositoryConnector-repo.maven.apache.org-3-0] INFO  o.e.m.c.i.e.AbstractTransferListenerAdapter - Downloading https://repo.maven.apache.org/maven2/org/springframework/spring-tx/5.3.22/spring-tx-5.3.22.jar
2024-12-23 18:06:05,345 [BasicRepositoryConnector-repo.maven.apache.org-3-0] INFO  o.e.m.c.i.e.AbstractTransferListenerAdapter - Downloaded https://repo.maven.apache.org/maven2/org/springframework/spring-tx/5.3.22/spring-tx-5.3.22.jar
2024-12-23 18:06:06,163 [Worker-102: Building] WARN  o.a.m.s.f.DefaultMavenResourcesFiltering - Using platform encoding (UTF-8 actually) to copy filtered resources, i.e. build is platform dependent!
2024-12-23 18:06:06,166 [Worker-102: Building] INFO  o.a.m.s.f.DefaultMavenResourcesFiltering - Copying 0 resource from src\main\resources to target\classes
2024-12-23 18:06:06,177 [Worker-102: Building] WARN  o.a.m.s.f.DefaultMavenResourcesFiltering - Using platform encoding (UTF-8 actually) to copy filtered resources, i.e. build is platform dependent!
2024-12-23 18:06:06,179 [Worker-102: Building] INFO  o.a.m.s.f.DefaultMavenResourcesFiltering - skip non existing resourceDirectory C:\Users\dac.STUDENTSDC\Desktop\Tejas\J2EE\Spring\springmvc\src\test\resources
2024-12-23 18:06:06,180 [Worker-102: Building] INFO  o.e.m.w.i.f.ResourceFilteringBuildParticipant - Changed resources require a complete clean of filtered resources of springmvc
2024-12-23 18:06:06,180 [Worker-102: Building] INFO  o.e.m.w.i.f.ResourceFilteringBuildParticipant - Executing resource filtering for springmvc
2024-12-23 18:06:07,096 [Worker-103: Download sources and javadoc] INFO  o.e.m.c.i.e.AbstractTransferListenerAdapter - Downloading https://repo.maven.apache.org/maven2/org/springframework/spring-jdbc/5.3.22/spring-jdbc-5.3.22-sources.jar
2024-12-23 18:06:07,158 [Worker-103: Download sources and javadoc] INFO  o.e.m.c.i.e.AbstractTransferListenerAdapter - Downloaded https://repo.maven.apache.org/maven2/org/springframework/spring-jdbc/5.3.22/spring-jdbc-5.3.22-sources.jar
2024-12-23 18:06:07,164 [Worker-103: Download sources and javadoc] INFO  o.e.m.j.internal.DownloadSourcesJob - Downloaded sources for org.springframework:spring-jdbc:5.3.22
2024-12-23 18:06:07,241 [Worker-103: Download sources and javadoc] INFO  o.e.m.c.i.e.AbstractTransferListenerAdapter - Downloading https://repo.maven.apache.org/maven2/org/springframework/spring-tx/5.3.22/spring-tx-5.3.22-sources.jar
2024-12-23 18:06:07,305 [Worker-103: Download sources and javadoc] INFO  o.e.m.c.i.e.AbstractTransferListenerAdapter - Downloaded https://repo.maven.apache.org/maven2/org/springframework/spring-tx/5.3.22/spring-tx-5.3.22-sources.jar
2024-12-23 18:06:07,311 [Worker-103: Download sources and javadoc] INFO  o.e.m.j.internal.DownloadSourcesJob - Downloaded sources for org.springframework:spring-tx:5.3.22
2024-12-23 18:06:08,448 [Worker-100: Building] WARN  o.a.m.s.f.DefaultMavenResourcesFiltering - Using platform encoding (UTF-8 actually) to copy filtered resources, i.e. build is platform dependent!
2024-12-23 18:06:08,452 [Worker-100: Building] INFO  o.a.m.s.f.DefaultMavenResourcesFiltering - Copying 3 resources from src\main\resources to target\classes
2024-12-23 18:06:08,489 [Worker-100: Building] WARN  o.a.m.s.f.DefaultMavenResourcesFiltering - Using platform encoding (UTF-8 actually) to copy filtered resources, i.e. build is platform dependent!
2024-12-23 18:06:08,491 [Worker-100: Building] INFO  o.a.m.s.f.DefaultMavenResourcesFiltering - skip non existing resourceDirectory C:\Users\dac.STUDENTSDC\Desktop\Tejas\J2EE\Spring\springmvc\src\test\resources
2024-12-23 18:06:21,897 [Worker-97: Updating Maven Project] INFO  o.e.m.c.i.p.ProjectConfigurationManager - Update started
2024-12-23 18:06:22,351 [Worker-97: Updating Maven Project] INFO  o.e.m.c.i.l.LifecycleMappingFactory - Using org.maven.ide.eclipse.wtp.WarLifecycleMapping lifecycle mapping for MavenProject: fi:springmvc:0.0.1-SNAPSHOT @ C:\Users\dac.STUDENTSDC\Desktop\Tejas\J2EE\Spring\springmvc\pom.xml.
2024-12-23 18:06:23,185 [Worker-97: Updating Maven Project] INFO  o.e.m.j.i.AbstractJavaProjectConfigurator - Adding source folder /springmvc/src/main/java
2024-12-23 18:06:23,187 [Worker-97: Updating Maven Project] INFO  o.e.m.j.i.AbstractJavaProjectConfigurator - Adding resource folder /springmvc/src/main/resources
2024-12-23 18:06:23,190 [Worker-97: Updating Maven Project] INFO  o.e.m.j.i.AbstractJavaProjectConfigurator - Adding source folder /springmvc/src/test/java
2024-12-23 18:06:23,192 [Worker-97: Updating Maven Project] INFO  o.e.m.j.i.AbstractJavaProjectConfigurator - Adding resource folder /springmvc/src/test/resources
2024-12-23 18:06:23,522 [Worker-97: Updating Maven Project] INFO  o.e.m.w.i.f.ResourceFilteringBuildParticipant - Cleaning filtered folder for springmvc
2024-12-23 18:06:23,604 [Worker-97: Updating Maven Project] INFO  o.e.m.c.i.p.ProjectConfigurationManager - Update completed for 1 poms: local refresh takes 0.00 sec, refresh facades takes 1.00 sec, update config takes 0.00 sec 
2024-12-23 18:06:23,892 [Worker-106: Building] WARN  o.a.m.s.f.DefaultMavenResourcesFiltering - Using platform encoding (UTF-8 actually) to copy filtered resources, i.e. build is platform dependent!
2024-12-23 18:06:23,896 [Worker-106: Building] INFO  o.a.m.s.f.DefaultMavenResourcesFiltering - Copying 3 resources from src\main\resources to target\classes
2024-12-23 18:06:23,917 [Worker-106: Building] WARN  o.a.m.s.f.DefaultMavenResourcesFiltering - Using platform encoding (UTF-8 actually) to copy filtered resources, i.e. build is platform dependent!
2024-12-23 18:06:23,919 [Worker-106: Building] INFO  o.a.m.s.f.DefaultMavenResourcesFiltering - skip non existing resourceDirectory C:\Users\dac.STUDENTSDC\Desktop\Tejas\J2EE\Spring\springmvc\src\test\resources
2024-12-23 18:06:23,920 [Worker-106: Building] INFO  o.e.m.w.i.f.ResourceFilteringBuildParticipant - Changed resources require a complete clean of filtered resources of springmvc
2024-12-23 18:06:23,920 [Worker-106: Building] INFO  o.e.m.w.i.f.ResourceFilteringBuildParticipant - Executing resource filtering for springmvc
2024-12-23 18:07:16,231 [Worker-106: Building] WARN  o.a.m.s.f.DefaultMavenResourcesFiltering - Using platform encoding (UTF-8 actually) to copy filtered resources, i.e. build is platform dependent!
2024-12-23 18:07:16,234 [Worker-106: Building] INFO  o.a.m.s.f.DefaultMavenResourcesFiltering - Copying 3 resources from src\main\resources to target\classes
2024-12-23 18:07:16,237 [Worker-106: Building] WARN  o.a.m.s.f.DefaultMavenResourcesFiltering - Using platform encoding (UTF-8 actually) to copy filtered resources, i.e. build is platform dependent!
2024-12-23 18:07:16,238 [Worker-106: Building] INFO  o.a.m.s.f.DefaultMavenResourcesFiltering - skip non existing resourceDirectory C:\Users\dac.STUDENTSDC\Desktop\Tejas\J2EE\Spring\springmvc\src\test\resources
2024-12-23 18:09:27,699 [Worker-99: Building] WARN  o.a.m.s.f.DefaultMavenResourcesFiltering - Using platform encoding (UTF-8 actually) to copy filtered resources, i.e. build is platform dependent!
2024-12-23 18:09:27,707 [Worker-99: Building] INFO  o.a.m.s.f.DefaultMavenResourcesFiltering - Copying 3 resources from src\main\resources to target\classes
2024-12-23 18:09:27,715 [Worker-99: Building] WARN  o.a.m.s.f.DefaultMavenResourcesFiltering - Using platform encoding (UTF-8 actually) to copy filtered resources, i.e. build is platform dependent!
2024-12-23 18:09:27,717 [Worker-99: Building] INFO  o.a.m.s.f.DefaultMavenResourcesFiltering - skip non existing resourceDirectory C:\Users\dac.STUDENTSDC\Desktop\Tejas\J2EE\Spring\springmvc\src\test\resources
